{
  "credit": "Made with Blockbench",
  "textures": {
    "spyglass": "item/spyglass_model",
    "particle": "#spyglass"
  },
  "elements": [
    {
      "from": [7, 8.5, 7],
      "to": [9, 13.5, 9],
      "faces": {
        "north": {
          "uv": [0, 2, 2, 7],
          "texture": "#spyglass"
        },
        "east": {
          "uv": [2, 2, 0, 7],
          "texture": "#spyglass"
        },
        "south": {
          "uv": [0, 2, 2, 7],
          "texture": "#spyglass"
        },
        "west": {
          "uv": [2, 2, 0, 7],
          "texture": "#spyglass"
        },
        "up": {
          "uv": [0, 0, 2, 2],
          "texture": "#spyglass"
        }
      }
    },
    {
      "from": [6.9, 3.4, 6.9],
      "to": [9.15, 8.65, 9.15],
      "faces": {
        "north": {
          "uv": [0, 7, 2, 12],
          "texture": "#spyglass"
        },
        "east": {
          "uv": [2, 7, 0, 12],
          "texture": "#spyglass"
        },
        "south": {
          "uv": [0, 7, 2, 12],
          "texture": "#spyglass"
        },
        "west": {
          "uv": [2, 7, 0, 12],
          "texture": "#spyglass"
        },
        "up": {
          "uv": [0, 2, 1, 3],
          "texture": "#spyglass"
        }
      }
    },
    {
      "from": [6.8, 2.2, 6.8],
      "to": [9.25, 3.45, 9.25],
      "faces": {
        "north": {
          "uv": [0, 12, 2, 13],
          "texture": "#spyglass"
        },
        "east": {
          "uv": [2, 12, 0, 13],
          "texture": "#spyglass"
        },
        "south": {
          "uv": [0, 12, 2, 13],
          "texture": "#spyglass"
        },
        "west": {
          "uv": [2, 12, 0, 13],
          "texture": "#spyglass"
        },
        "up": {
          "uv": [0, 12, 1, 13],
          "texture": "#spyglass"
        },
        "down": {
          "uv": [0, 2, 2, 0],
          "texture": "#spyglass"
        }
      }
    }
  ],
  "gui_light": "front",
  "display": {
    "thirdperson_righthand": {
      "translation": [0, -2, 0]
    },
    "ground": {
      "rotation": [90, 0, 0]
    },
    "gui": {
      "rotation": [-67.5, 0, 45],
      "scale": [1.5, 1.5, 1.5]
    },
    "head": {
      "rotation": [90, 0, 0],
      "translation": [0, 0, -16],
      "scale": [1.8, 1.8, 1.8]
    },
    "fixed": {
      "translation": [0, 0, -1.5],
      "scale": [1.5, 1.5, 1.5]
    }
  }
}
