{
	"credit": "Made with Blockbench",
	"parent": "minecraft:item/spawn_egg_base",
	"textures": {
		"0": "minecraft:item/bat_spawn_egg",
		"particle": "minecraft:item/bat_spawn_egg"
	},
	"elements": [
		{
			"name": "bat_spawn_egg_0",
			"from": [5, 2, 7.5],
			"to": [7, 15, 8.5],
			"faces": {
				"north": {"uv": [7, 1, 5, 14], "texture": "#0"},
				"east": {"uv": [6, 1, 7, 14], "texture": "#0"},
				"south": {"uv": [5, 1, 7, 14], "texture": "#0"},
				"west": {"uv": [5, 1, 6, 14], "texture": "#0"},
				"up": {"uv": [5, 1, 7, 2], "texture": "#0"},
				"down": {"uv": [5, 13, 7, 14], "texture": "#0"}
			}
		},
		{
			"name": "bat_spawn_egg_1",
			"from": [9, 2, 7.5],
			"to": [11, 15, 8.5],
			"faces": {
				"north": {"uv": [11, 1, 9, 14], "texture": "#0"},
				"east": {"uv": [10, 1, 11, 14], "texture": "#0"},
				"south": {"uv": [9, 1, 11, 14], "texture": "#0"},
				"west": {"uv": [9, 1, 10, 14], "texture": "#0"},
				"up": {"uv": [9, 1, 11, 2], "texture": "#0"},
				"down": {"uv": [9, 13, 11, 14], "texture": "#0"}
			}
		},
		{
			"name": "bat_spawn_egg_2",
			"from": [4, 3, 7.5],
			"to": [5, 14, 8.5],
			"faces": {
				"north": {"uv": [5, 2, 4, 13], "texture": "#0"},
				"east": {"uv": [4, 2, 5, 13], "texture": "#0"},
				"south": {"uv": [4, 2, 5, 13], "texture": "#0"},
				"west": {"uv": [4, 2, 5, 13], "texture": "#0"},
				"up": {"uv": [4, 2, 5, 3], "texture": "#0"},
				"down": {"uv": [4, 12, 5, 13], "texture": "#0"}
			}
		},
		{
			"name": "bat_spawn_egg_3",
			"from": [11, 3, 7.5],
			"to": [12, 14, 8.5],
			"faces": {
				"north": {"uv": [12, 2, 11, 13], "texture": "#0"},
				"east": {"uv": [11, 2, 12, 13], "texture": "#0"},
				"south": {"uv": [11, 2, 12, 13], "texture": "#0"},
				"west": {"uv": [11, 2, 12, 13], "texture": "#0"},
				"up": {"uv": [11, 2, 12, 3], "texture": "#0"},
				"down": {"uv": [11, 12, 12, 13], "texture": "#0"}
			}
		},
		{
			"name": "bat_spawn_egg_4",
			"from": [7, 2, 7.5],
			"to": [9, 13, 8.5],
			"faces": {
				"north": {"uv": [9, 3, 7, 14], "texture": "#0"},
				"east": {"uv": [8, 3, 9, 14], "texture": "#0"},
				"south": {"uv": [7, 3, 9, 14], "texture": "#0"},
				"west": {"uv": [7, 3, 8, 14], "texture": "#0"},
				"up": {"uv": [7, 3, 9, 4], "texture": "#0"},
				"down": {"uv": [7, 13, 9, 14], "texture": "#0"}
			}
		},
		{
			"name": "bat_spawn_egg_5",
			"from": [2, 6, 7.5],
			"to": [3, 11, 8.5],
			"faces": {
				"north": {"uv": [3, 5, 2, 10], "texture": "#0"},
				"east": {"uv": [2, 5, 3, 10], "texture": "#0"},
				"south": {"uv": [2, 5, 3, 10], "texture": "#0"},
				"west": {"uv": [2, 5, 3, 10], "texture": "#0"},
				"up": {"uv": [2, 5, 3, 6], "texture": "#0"},
				"down": {"uv": [2, 9, 3, 10], "texture": "#0"}
			}
		},
		{
			"name": "bat_spawn_egg_6",
			"from": [13, 6, 7.5],
			"to": [14, 11, 8.5],
			"faces": {
				"north": {"uv": [14, 5, 13, 10], "texture": "#0"},
				"east": {"uv": [13, 5, 14, 10], "texture": "#0"},
				"south": {"uv": [13, 5, 14, 10], "texture": "#0"},
				"west": {"uv": [13, 5, 14, 10], "texture": "#0"},
				"up": {"uv": [13, 5, 14, 6], "texture": "#0"},
				"down": {"uv": [13, 9, 14, 10], "texture": "#0"}
			}
		},
		{
			"name": "bat_spawn_egg_7",
			"from": [1, 6, 7.5],
			"to": [2, 10, 8.5],
			"faces": {
				"north": {"uv": [2, 6, 1, 10], "texture": "#0"},
				"east": {"uv": [1, 6, 2, 10], "texture": "#0"},
				"south": {"uv": [1, 6, 2, 10], "texture": "#0"},
				"west": {"uv": [1, 6, 2, 10], "texture": "#0"},
				"up": {"uv": [1, 6, 2, 7], "texture": "#0"},
				"down": {"uv": [1, 9, 2, 10], "texture": "#0"}
			}
		},
		{
			"name": "bat_spawn_egg_8",
			"from": [14, 6, 7.5],
			"to": [15, 10, 8.5],
			"faces": {
				"north": {"uv": [15, 6, 14, 10], "texture": "#0"},
				"east": {"uv": [14, 6, 15, 10], "texture": "#0"},
				"south": {"uv": [14, 6, 15, 10], "texture": "#0"},
				"west": {"uv": [14, 6, 15, 10], "texture": "#0"},
				"up": {"uv": [14, 6, 15, 7], "texture": "#0"},
				"down": {"uv": [14, 9, 15, 10], "texture": "#0"}
			}
		},
		{
			"name": "bat_spawn_egg_9",
			"from": [0, 5, 7.5],
			"to": [1, 9, 8.5],
			"faces": {
				"north": {"uv": [1, 7, 0, 11], "texture": "#0"},
				"east": {"uv": [0, 7, 1, 11], "texture": "#0"},
				"south": {"uv": [0, 7, 1, 11], "texture": "#0"},
				"west": {"uv": [0, 7, 1, 11], "texture": "#0"},
				"up": {"uv": [0, 7, 1, 8], "texture": "#0"},
				"down": {"uv": [0, 10, 1, 11], "texture": "#0"}
			}
		},
		{
			"name": "bat_spawn_egg_10",
			"from": [3, 4, 7.5],
			"to": [4, 9, 8.5],
			"faces": {
				"north": {"uv": [4, 7, 3, 12], "texture": "#0"},
				"east": {"uv": [3, 7, 4, 12], "texture": "#0"},
				"south": {"uv": [3, 7, 4, 12], "texture": "#0"},
				"west": {"uv": [3, 7, 4, 12], "texture": "#0"},
				"up": {"uv": [3, 7, 4, 8], "texture": "#0"},
				"down": {"uv": [3, 11, 4, 12], "texture": "#0"}
			}
		},
		{
			"name": "bat_spawn_egg_11",
			"from": [12, 4, 7.5],
			"to": [13, 9, 8.5],
			"faces": {
				"north": {"uv": [13, 7, 12, 12], "texture": "#0"},
				"east": {"uv": [12, 7, 13, 12], "texture": "#0"},
				"south": {"uv": [12, 7, 13, 12], "texture": "#0"},
				"west": {"uv": [12, 7, 13, 12], "texture": "#0"},
				"up": {"uv": [12, 7, 13, 8], "texture": "#0"},
				"down": {"uv": [12, 11, 13, 12], "texture": "#0"}
			}
		},
		{
			"name": "bat_spawn_egg_12",
			"from": [15, 5, 7.5],
			"to": [16, 9, 8.5],
			"faces": {
				"north": {"uv": [16, 7, 15, 11], "texture": "#0"},
				"east": {"uv": [15, 7, 16, 11], "texture": "#0"},
				"south": {"uv": [15, 7, 16, 11], "texture": "#0"},
				"west": {"uv": [15, 7, 16, 11], "texture": "#0"},
				"up": {"uv": [15, 7, 16, 8], "texture": "#0"},
				"down": {"uv": [15, 10, 16, 11], "texture": "#0"}
			}
		}
	],
	"groups": [
		{
			"name": "bat_spawn_egg",
			"origin": [8, 8, 8],
			"color": 0,
			"children": [0, 1, 2, 3, 4, 5, 6, 7, 8, 9, 10, 11, 12]
		}
	]
}