{
	"credit": "Made with Blockbench",
	"parent": "minecraft:item/spawn_egg_base",
	"textures": {
		"0": "minecraft:item/dolphin_spawn_egg",
		"particle": "minecraft:item/dolphin_spawn_egg"
	},
	"elements": [
		{
			"name": "dolphin_spawn_egg_0",
			"from": [6, 0, 7.5],
			"to": [9, 16, 8.5],
			"faces": {
				"north": {"uv": [9, 0, 6, 16], "texture": "#0"},
				"east": {"uv": [8, 0, 9, 16], "texture": "#0"},
				"south": {"uv": [6, 0, 9, 16], "texture": "#0"},
				"west": {"uv": [6, 0, 7, 16], "texture": "#0"},
				"up": {"uv": [6, 0, 9, 1], "texture": "#0"},
				"down": {"uv": [6, 15, 9, 16], "texture": "#0"}
			}
		},
		{
			"name": "dolphin_spawn_egg_1",
			"from": [9, 0, 7.5],
			"to": [10, 15, 8.5],
			"faces": {
				"north": {"uv": [10, 1, 9, 16], "texture": "#0"},
				"east": {"uv": [9, 1, 10, 16], "texture": "#0"},
				"south": {"uv": [9, 1, 10, 16], "texture": "#0"},
				"west": {"uv": [9, 1, 10, 16], "texture": "#0"},
				"up": {"uv": [9, 1, 10, 2], "texture": "#0"},
				"down": {"uv": [9, 15, 10, 16], "texture": "#0"}
			}
		},
		{
			"name": "dolphin_spawn_egg_2",
			"from": [5, 0, 7.5],
			"to": [6, 14, 8.5],
			"faces": {
				"north": {"uv": [6, 2, 5, 16], "texture": "#0"},
				"east": {"uv": [5, 2, 6, 16], "texture": "#0"},
				"south": {"uv": [5, 2, 6, 16], "texture": "#0"},
				"west": {"uv": [5, 2, 6, 16], "texture": "#0"},
				"up": {"uv": [5, 2, 6, 3], "texture": "#0"},
				"down": {"uv": [5, 15, 6, 16], "texture": "#0"}
			}
		},
		{
			"name": "dolphin_spawn_egg_3",
			"from": [10, 0, 7.5],
			"to": [11, 14, 8.5],
			"faces": {
				"north": {"uv": [11, 2, 10, 16], "texture": "#0"},
				"east": {"uv": [10, 2, 11, 16], "texture": "#0"},
				"south": {"uv": [10, 2, 11, 16], "texture": "#0"},
				"west": {"uv": [10, 2, 11, 16], "texture": "#0"},
				"up": {"uv": [10, 2, 11, 3], "texture": "#0"},
				"down": {"uv": [10, 15, 11, 16], "texture": "#0"}
			}
		},
		{
			"name": "dolphin_spawn_egg_4",
			"from": [4, 0, 7.5],
			"to": [5, 13, 8.5],
			"faces": {
				"north": {"uv": [5, 3, 4, 16], "texture": "#0"},
				"east": {"uv": [4, 3, 5, 16], "texture": "#0"},
				"south": {"uv": [4, 3, 5, 16], "texture": "#0"},
				"west": {"uv": [4, 3, 5, 16], "texture": "#0"},
				"up": {"uv": [4, 3, 5, 4], "texture": "#0"},
				"down": {"uv": [4, 15, 5, 16], "texture": "#0"}
			}
		},
		{
			"name": "dolphin_spawn_egg_5",
			"from": [11, 0, 7.5],
			"to": [12, 13, 8.5],
			"faces": {
				"north": {"uv": [12, 3, 11, 16], "texture": "#0"},
				"east": {"uv": [11, 3, 12, 16], "texture": "#0"},
				"south": {"uv": [11, 3, 12, 16], "texture": "#0"},
				"west": {"uv": [11, 3, 12, 16], "texture": "#0"},
				"up": {"uv": [11, 3, 12, 4], "texture": "#0"},
				"down": {"uv": [11, 15, 12, 16], "texture": "#0"}
			}
		},
		{
			"name": "dolphin_spawn_egg_6",
			"from": [3, 0, 7.5],
			"to": [4, 12, 8.5],
			"faces": {
				"north": {"uv": [4, 4, 3, 16], "texture": "#0"},
				"east": {"uv": [3, 4, 4, 16], "texture": "#0"},
				"south": {"uv": [3, 4, 4, 16], "texture": "#0"},
				"west": {"uv": [3, 4, 4, 16], "texture": "#0"},
				"up": {"uv": [3, 4, 4, 5], "texture": "#0"},
				"down": {"uv": [3, 15, 4, 16], "texture": "#0"}
			}
		},
		{
			"name": "dolphin_spawn_egg_7",
			"from": [12, 0, 7.5],
			"to": [13, 12, 8.5],
			"faces": {
				"north": {"uv": [13, 4, 12, 16], "texture": "#0"},
				"east": {"uv": [12, 4, 13, 16], "texture": "#0"},
				"south": {"uv": [12, 4, 13, 16], "texture": "#0"},
				"west": {"uv": [12, 4, 13, 16], "texture": "#0"},
				"up": {"uv": [12, 4, 13, 5], "texture": "#0"},
				"down": {"uv": [12, 15, 13, 16], "texture": "#0"}
			}
		},
		{
			"name": "dolphin_spawn_egg_8",
			"from": [2, 1, 7.5],
			"to": [3, 10, 8.5],
			"faces": {
				"north": {"uv": [3, 6, 2, 15], "texture": "#0"},
				"east": {"uv": [2, 6, 3, 15], "texture": "#0"},
				"south": {"uv": [2, 6, 3, 15], "texture": "#0"},
				"west": {"uv": [2, 6, 3, 15], "texture": "#0"},
				"up": {"uv": [2, 6, 3, 7], "texture": "#0"},
				"down": {"uv": [2, 14, 3, 15], "texture": "#0"}
			}
		},
		{
			"name": "dolphin_spawn_egg_9",
			"from": [13, 1, 7.5],
			"to": [14, 10, 8.5],
			"faces": {
				"north": {"uv": [14, 6, 13, 15], "texture": "#0"},
				"east": {"uv": [13, 6, 14, 15], "texture": "#0"},
				"south": {"uv": [13, 6, 14, 15], "texture": "#0"},
				"west": {"uv": [13, 6, 14, 15], "texture": "#0"},
				"up": {"uv": [13, 6, 14, 7], "texture": "#0"},
				"down": {"uv": [13, 14, 14, 15], "texture": "#0"}
			}
		},
		{
			"name": "dolphin_spawn_egg_10",
			"from": [1, 2, 7.5],
			"to": [2, 8, 8.5],
			"faces": {
				"north": {"uv": [2, 8, 1, 14], "texture": "#0"},
				"east": {"uv": [1, 8, 2, 14], "texture": "#0"},
				"south": {"uv": [1, 8, 2, 14], "texture": "#0"},
				"west": {"uv": [1, 8, 2, 14], "texture": "#0"},
				"up": {"uv": [1, 8, 2, 9], "texture": "#0"},
				"down": {"uv": [1, 13, 2, 14], "texture": "#0"}
			}
		},
		{
			"name": "dolphin_spawn_egg_11",
			"from": [14, 2, 7.5],
			"to": [15, 8, 8.5],
			"faces": {
				"north": {"uv": [15, 8, 14, 14], "texture": "#0"},
				"east": {"uv": [14, 8, 15, 14], "texture": "#0"},
				"south": {"uv": [14, 8, 15, 14], "texture": "#0"},
				"west": {"uv": [14, 8, 15, 14], "texture": "#0"},
				"up": {"uv": [14, 8, 15, 9], "texture": "#0"},
				"down": {"uv": [14, 13, 15, 14], "texture": "#0"}
			}
		},
		{
			"name": "dolphin_spawn_egg_12",
			"from": [0, 3, 7.5],
			"to": [1, 6, 8.5],
			"faces": {
				"north": {"uv": [1, 10, 0, 13], "texture": "#0"},
				"east": {"uv": [0, 10, 1, 13], "texture": "#0"},
				"south": {"uv": [0, 10, 1, 13], "texture": "#0"},
				"west": {"uv": [0, 10, 1, 13], "texture": "#0"},
				"up": {"uv": [0, 10, 1, 11], "texture": "#0"},
				"down": {"uv": [0, 12, 1, 13], "texture": "#0"}
			}
		},
		{
			"name": "dolphin_spawn_egg_13",
			"from": [15, 3, 7.5],
			"to": [16, 6, 8.5],
			"faces": {
				"north": {"uv": [16, 10, 15, 13], "texture": "#0"},
				"east": {"uv": [15, 10, 16, 13], "texture": "#0"},
				"south": {"uv": [15, 10, 16, 13], "texture": "#0"},
				"west": {"uv": [15, 10, 16, 13], "texture": "#0"},
				"up": {"uv": [15, 10, 16, 11], "texture": "#0"},
				"down": {"uv": [15, 12, 16, 13], "texture": "#0"}
			}
		}
	],
	"groups": [
		{
			"name": "dolphin_spawn_egg",
			"origin": [8, 8, 8],
			"color": 0,
			"children": [0, 1, 2, 3, 4, 5, 6, 7, 8, 9, 10, 11, 12, 13]
		}
	]
}