{
	"credit": "Made with Blockbench",
	"parent": "minecraft:item/spawn_egg_base",
	"textures": {
		"0": "minecraft:item/elder_guardian_spawn_egg",
		"particle": "minecraft:item/elder_guardian_spawn_egg"
	},
	"elements": [
		{
			"name": "elder_guardian_spawn_egg_0",
			"from": [6, 0, 7.5],
			"to": [10, 16, 8.5],
			"faces": {
				"north": {"uv": [10, 0, 6, 16], "texture": "#0"},
				"east": {"uv": [9, 0, 10, 16], "texture": "#0"},
				"south": {"uv": [6, 0, 10, 16], "texture": "#0"},
				"west": {"uv": [6, 0, 7, 16], "texture": "#0"},
				"up": {"uv": [6, 0, 10, 1], "texture": "#0"},
				"down": {"uv": [6, 15, 10, 16], "texture": "#0"}
			}
		},
		{
			"name": "elder_guardian_spawn_egg_1",
			"from": [5, 0, 7.5],
			"to": [6, 15, 8.5],
			"faces": {
				"north": {"uv": [6, 1, 5, 16], "texture": "#0"},
				"east": {"uv": [5, 1, 6, 16], "texture": "#0"},
				"south": {"uv": [5, 1, 6, 16], "texture": "#0"},
				"west": {"uv": [5, 1, 6, 16], "texture": "#0"},
				"up": {"uv": [5, 1, 6, 2], "texture": "#0"},
				"down": {"uv": [5, 15, 6, 16], "texture": "#0"}
			}
		},
		{
			"name": "elder_guardian_spawn_egg_2",
			"from": [10, 0, 7.5],
			"to": [11, 15, 8.5],
			"faces": {
				"north": {"uv": [11, 1, 10, 16], "texture": "#0"},
				"east": {"uv": [10, 1, 11, 16], "texture": "#0"},
				"south": {"uv": [10, 1, 11, 16], "texture": "#0"},
				"west": {"uv": [10, 1, 11, 16], "texture": "#0"},
				"up": {"uv": [10, 1, 11, 2], "texture": "#0"},
				"down": {"uv": [10, 15, 11, 16], "texture": "#0"}
			}
		},
		{
			"name": "elder_guardian_spawn_egg_3",
			"from": [4, 0, 7.5],
			"to": [5, 14, 8.5],
			"faces": {
				"north": {"uv": [5, 2, 4, 16], "texture": "#0"},
				"east": {"uv": [4, 2, 5, 16], "texture": "#0"},
				"south": {"uv": [4, 2, 5, 16], "texture": "#0"},
				"west": {"uv": [4, 2, 5, 16], "texture": "#0"},
				"up": {"uv": [4, 2, 5, 3], "texture": "#0"},
				"down": {"uv": [4, 15, 5, 16], "texture": "#0"}
			}
		},
		{
			"name": "elder_guardian_spawn_egg_4",
			"from": [11, 0, 7.5],
			"to": [12, 14, 8.5],
			"faces": {
				"north": {"uv": [12, 2, 11, 16], "texture": "#0"},
				"east": {"uv": [11, 2, 12, 16], "texture": "#0"},
				"south": {"uv": [11, 2, 12, 16], "texture": "#0"},
				"west": {"uv": [11, 2, 12, 16], "texture": "#0"},
				"up": {"uv": [11, 2, 12, 3], "texture": "#0"},
				"down": {"uv": [11, 15, 12, 16], "texture": "#0"}
			}
		},
		{
			"name": "elder_guardian_spawn_egg_5",
			"from": [3, 0, 7.5],
			"to": [4, 13, 8.5],
			"faces": {
				"north": {"uv": [4, 3, 3, 16], "texture": "#0"},
				"east": {"uv": [3, 3, 4, 16], "texture": "#0"},
				"south": {"uv": [3, 3, 4, 16], "texture": "#0"},
				"west": {"uv": [3, 3, 4, 16], "texture": "#0"},
				"up": {"uv": [3, 3, 4, 4], "texture": "#0"},
				"down": {"uv": [3, 15, 4, 16], "texture": "#0"}
			}
		},
		{
			"name": "elder_guardian_spawn_egg_6",
			"from": [12, 0, 7.5],
			"to": [13, 13, 8.5],
			"faces": {
				"north": {"uv": [13, 3, 12, 16], "texture": "#0"},
				"east": {"uv": [12, 3, 13, 16], "texture": "#0"},
				"south": {"uv": [12, 3, 13, 16], "texture": "#0"},
				"west": {"uv": [12, 3, 13, 16], "texture": "#0"},
				"up": {"uv": [12, 3, 13, 4], "texture": "#0"},
				"down": {"uv": [12, 15, 13, 16], "texture": "#0"}
			}
		},
		{
			"name": "elder_guardian_spawn_egg_7",
			"from": [2, 0, 7.5],
			"to": [3, 11, 8.5],
			"faces": {
				"north": {"uv": [3, 5, 2, 16], "texture": "#0"},
				"east": {"uv": [2, 5, 3, 16], "texture": "#0"},
				"south": {"uv": [2, 5, 3, 16], "texture": "#0"},
				"west": {"uv": [2, 5, 3, 16], "texture": "#0"},
				"up": {"uv": [2, 5, 3, 6], "texture": "#0"},
				"down": {"uv": [2, 15, 3, 16], "texture": "#0"}
			}
		},
		{
			"name": "elder_guardian_spawn_egg_8",
			"from": [13, 0, 7.5],
			"to": [14, 11, 8.5],
			"faces": {
				"north": {"uv": [14, 5, 13, 16], "texture": "#0"},
				"east": {"uv": [13, 5, 14, 16], "texture": "#0"},
				"south": {"uv": [13, 5, 14, 16], "texture": "#0"},
				"west": {"uv": [13, 5, 14, 16], "texture": "#0"},
				"up": {"uv": [13, 5, 14, 6], "texture": "#0"},
				"down": {"uv": [13, 15, 14, 16], "texture": "#0"}
			}
		},
		{
			"name": "elder_guardian_spawn_egg_9",
			"from": [0, 7, 7.5],
			"to": [2, 10, 8.5],
			"faces": {
				"north": {"uv": [2, 6, 0, 9], "texture": "#0"},
				"east": {"uv": [1, 6, 2, 9], "texture": "#0"},
				"south": {"uv": [0, 6, 2, 9], "texture": "#0"},
				"west": {"uv": [0, 6, 1, 9], "texture": "#0"},
				"up": {"uv": [0, 6, 2, 7], "texture": "#0"},
				"down": {"uv": [0, 8, 2, 9], "texture": "#0"}
			}
		},
		{
			"name": "elder_guardian_spawn_egg_10",
			"from": [14, 7, 7.5],
			"to": [16, 10, 8.5],
			"faces": {
				"north": {"uv": [16, 6, 14, 9], "texture": "#0"},
				"east": {"uv": [15, 6, 16, 9], "texture": "#0"},
				"south": {"uv": [14, 6, 16, 9], "texture": "#0"},
				"west": {"uv": [14, 6, 15, 9], "texture": "#0"},
				"up": {"uv": [14, 6, 16, 7], "texture": "#0"},
				"down": {"uv": [14, 8, 16, 9], "texture": "#0"}
			}
		},
		{
			"name": "elder_guardian_spawn_egg_11",
			"from": [1, 1, 7.5],
			"to": [2, 7, 8.5],
			"faces": {
				"north": {"uv": [2, 9, 1, 15], "texture": "#0"},
				"east": {"uv": [1, 9, 2, 15], "texture": "#0"},
				"south": {"uv": [1, 9, 2, 15], "texture": "#0"},
				"west": {"uv": [1, 9, 2, 15], "texture": "#0"},
				"up": {"uv": [1, 9, 2, 10], "texture": "#0"},
				"down": {"uv": [1, 14, 2, 15], "texture": "#0"}
			}
		},
		{
			"name": "elder_guardian_spawn_egg_12",
			"from": [14, 1, 7.5],
			"to": [15, 7, 8.5],
			"faces": {
				"north": {"uv": [15, 9, 14, 15], "texture": "#0"},
				"east": {"uv": [14, 9, 15, 15], "texture": "#0"},
				"south": {"uv": [14, 9, 15, 15], "texture": "#0"},
				"west": {"uv": [14, 9, 15, 15], "texture": "#0"},
				"up": {"uv": [14, 9, 15, 10], "texture": "#0"},
				"down": {"uv": [14, 14, 15, 15], "texture": "#0"}
			}
		},
		{
			"name": "elder_guardian_spawn_egg_13",
			"from": [0, 2, 7.5],
			"to": [1, 6, 8.5],
			"faces": {
				"north": {"uv": [1, 10, 0, 14], "texture": "#0"},
				"east": {"uv": [0, 10, 1, 14], "texture": "#0"},
				"south": {"uv": [0, 10, 1, 14], "texture": "#0"},
				"west": {"uv": [0, 10, 1, 14], "texture": "#0"},
				"up": {"uv": [0, 10, 1, 11], "texture": "#0"},
				"down": {"uv": [0, 13, 1, 14], "texture": "#0"}
			}
		},
		{
			"name": "elder_guardian_spawn_egg_14",
			"from": [15, 2, 7.5],
			"to": [16, 6, 8.5],
			"faces": {
				"north": {"uv": [16, 10, 15, 14], "texture": "#0"},
				"east": {"uv": [15, 10, 16, 14], "texture": "#0"},
				"south": {"uv": [15, 10, 16, 14], "texture": "#0"},
				"west": {"uv": [15, 10, 16, 14], "texture": "#0"},
				"up": {"uv": [15, 10, 16, 11], "texture": "#0"},
				"down": {"uv": [15, 13, 16, 14], "texture": "#0"}
			}
		}
	],
	"groups": [
		{
			"name": "elder_guardian_spawn_egg",
			"origin": [8, 8, 8],
			"color": 0,
			"children": [0, 1, 2, 3, 4, 5, 6, 7, 8, 9, 10, 11, 12, 13, 14]
		}
	]
}