{
	"credit": "Made with Blockbench",
	"parent": "minecraft:item/spawn_egg_base",
	"textures": {
		"0": "minecraft:item/goat_spawn_egg",
		"particle": "minecraft:item/goat_spawn_egg"
	},
	"elements": [
		{
			"name": "goat_spawn_egg_0",
			"from": [3, 3, 7.5],
			"to": [5, 16, 8.5],
			"faces": {
				"north": {"uv": [5, 0, 3, 13], "texture": "#0"},
				"east": {"uv": [4, 0, 5, 13], "texture": "#0"},
				"south": {"uv": [3, 0, 5, 13], "texture": "#0"},
				"west": {"uv": [3, 0, 4, 13], "texture": "#0"},
				"up": {"uv": [3, 0, 5, 1], "texture": "#0"},
				"down": {"uv": [3, 12, 5, 13], "texture": "#0"}
			}
		},
		{
			"name": "goat_spawn_egg_1",
			"from": [11, 3, 7.5],
			"to": [13, 16, 8.5],
			"faces": {
				"north": {"uv": [13, 0, 11, 13], "texture": "#0"},
				"east": {"uv": [12, 0, 13, 13], "texture": "#0"},
				"south": {"uv": [11, 0, 13, 13], "texture": "#0"},
				"west": {"uv": [11, 0, 12, 13], "texture": "#0"},
				"up": {"uv": [11, 0, 13, 1], "texture": "#0"},
				"down": {"uv": [11, 12, 13, 13], "texture": "#0"}
			}
		},
		{
			"name": "goat_spawn_egg_2",
			"from": [5, 1, 7.5],
			"to": [11, 15, 8.5],
			"faces": {
				"north": {"uv": [11, 1, 5, 15], "texture": "#0"},
				"east": {"uv": [10, 1, 11, 15], "texture": "#0"},
				"south": {"uv": [5, 1, 11, 15], "texture": "#0"},
				"west": {"uv": [5, 1, 6, 15], "texture": "#0"},
				"up": {"uv": [5, 1, 11, 2], "texture": "#0"},
				"down": {"uv": [5, 14, 11, 15], "texture": "#0"}
			}
		},
		{
			"name": "goat_spawn_egg_3",
			"from": [1, 9, 7.5],
			"to": [3, 12, 8.5],
			"faces": {
				"north": {"uv": [3, 4, 1, 7], "texture": "#0"},
				"east": {"uv": [2, 4, 3, 7], "texture": "#0"},
				"south": {"uv": [1, 4, 3, 7], "texture": "#0"},
				"west": {"uv": [1, 4, 2, 7], "texture": "#0"},
				"up": {"uv": [1, 4, 3, 5], "texture": "#0"},
				"down": {"uv": [1, 6, 3, 7], "texture": "#0"}
			}
		},
		{
			"name": "goat_spawn_egg_4",
			"from": [13, 9, 7.5],
			"to": [15, 12, 8.5],
			"faces": {
				"north": {"uv": [15, 4, 13, 7], "texture": "#0"},
				"east": {"uv": [14, 4, 15, 7], "texture": "#0"},
				"south": {"uv": [13, 4, 15, 7], "texture": "#0"},
				"west": {"uv": [13, 4, 14, 7], "texture": "#0"},
				"up": {"uv": [13, 4, 15, 5], "texture": "#0"},
				"down": {"uv": [13, 6, 15, 7], "texture": "#0"}
			}
		},
		{
			"name": "goat_spawn_egg_5",
			"from": [0, 9, 7.5],
			"to": [1, 11, 8.5],
			"faces": {
				"north": {"uv": [1, 5, 0, 7], "texture": "#0"},
				"east": {"uv": [0, 5, 1, 7], "texture": "#0"},
				"south": {"uv": [0, 5, 1, 7], "texture": "#0"},
				"west": {"uv": [0, 5, 1, 7], "texture": "#0"},
				"up": {"uv": [0, 5, 1, 6], "texture": "#0"},
				"down": {"uv": [0, 6, 1, 7], "texture": "#0"}
			}
		},
		{
			"name": "goat_spawn_egg_6",
			"from": [15, 9, 7.5],
			"to": [16, 11, 8.5],
			"faces": {
				"north": {"uv": [16, 5, 15, 7], "texture": "#0"},
				"east": {"uv": [15, 5, 16, 7], "texture": "#0"},
				"south": {"uv": [15, 5, 16, 7], "texture": "#0"},
				"west": {"uv": [15, 5, 16, 7], "texture": "#0"},
				"up": {"uv": [15, 5, 16, 6], "texture": "#0"},
				"down": {"uv": [15, 6, 16, 7], "texture": "#0"}
			}
		},
		{
			"name": "goat_spawn_egg_7",
			"from": [2, 4, 7.5],
			"to": [3, 9, 8.5],
			"faces": {
				"north": {"uv": [3, 7, 2, 12], "texture": "#0"},
				"east": {"uv": [2, 7, 3, 12], "texture": "#0"},
				"south": {"uv": [2, 7, 3, 12], "texture": "#0"},
				"west": {"uv": [2, 7, 3, 12], "texture": "#0"},
				"up": {"uv": [2, 7, 3, 8], "texture": "#0"},
				"down": {"uv": [2, 11, 3, 12], "texture": "#0"}
			}
		},
		{
			"name": "goat_spawn_egg_8",
			"from": [13, 4, 7.5],
			"to": [14, 9, 8.5],
			"faces": {
				"north": {"uv": [14, 7, 13, 12], "texture": "#0"},
				"east": {"uv": [13, 7, 14, 12], "texture": "#0"},
				"south": {"uv": [13, 7, 14, 12], "texture": "#0"},
				"west": {"uv": [13, 7, 14, 12], "texture": "#0"},
				"up": {"uv": [13, 7, 14, 8], "texture": "#0"},
				"down": {"uv": [13, 11, 14, 12], "texture": "#0"}
			}
		},
		{
			"name": "goat_spawn_egg_9",
			"from": [4, 2, 7.5],
			"to": [5, 3, 8.5],
			"faces": {
				"north": {"uv": [5, 13, 4, 14], "texture": "#0"},
				"east": {"uv": [4, 13, 5, 14], "texture": "#0"},
				"south": {"uv": [4, 13, 5, 14], "texture": "#0"},
				"west": {"uv": [4, 13, 5, 14], "texture": "#0"},
				"up": {"uv": [4, 13, 5, 14], "texture": "#0"},
				"down": {"uv": [4, 13, 5, 14], "texture": "#0"}
			}
		},
		{
			"name": "goat_spawn_egg_10",
			"from": [11, 2, 7.5],
			"to": [12, 3, 8.5],
			"faces": {
				"north": {"uv": [12, 13, 11, 14], "texture": "#0"},
				"east": {"uv": [11, 13, 12, 14], "texture": "#0"},
				"south": {"uv": [11, 13, 12, 14], "texture": "#0"},
				"west": {"uv": [11, 13, 12, 14], "texture": "#0"},
				"up": {"uv": [11, 13, 12, 14], "texture": "#0"},
				"down": {"uv": [11, 13, 12, 14], "texture": "#0"}
			}
		}
	],
	"groups": [
		{
			"name": "goat_spawn_egg",
			"origin": [8, 8, 8],
			"color": 0,
			"children": [0, 1, 2, 3, 4, 5, 6, 7, 8, 9, 10]
		}
	]
}