{
	"credit": "Made with Blockbench",
	"parent": "minecraft:item/spawn_egg_base",
	"textures": {
		"0": "minecraft:item/ocelot_spawn_egg",
		"particle": "minecraft:item/ocelot_spawn_egg"
	},
	"elements": [
		{
			"name": "ocelot_spawn_egg_0",
			"from": [3, 4, 7.5],
			"to": [5, 13, 8.5],
			"faces": {
				"north": {"uv": [5, 3, 3, 12], "texture": "#0"},
				"east": {"uv": [4, 3, 5, 12], "texture": "#0"},
				"south": {"uv": [3, 3, 5, 12], "texture": "#0"},
				"west": {"uv": [3, 3, 4, 12], "texture": "#0"},
				"up": {"uv": [3, 3, 5, 4], "texture": "#0"},
				"down": {"uv": [3, 11, 5, 12], "texture": "#0"}
			}
		},
		{
			"name": "ocelot_spawn_egg_1",
			"from": [6, 2, 7.5],
			"to": [10, 13, 8.5],
			"faces": {
				"north": {"uv": [10, 3, 6, 14], "texture": "#0"},
				"east": {"uv": [9, 3, 10, 14], "texture": "#0"},
				"south": {"uv": [6, 3, 10, 14], "texture": "#0"},
				"west": {"uv": [6, 3, 7, 14], "texture": "#0"},
				"up": {"uv": [6, 3, 10, 4], "texture": "#0"},
				"down": {"uv": [6, 13, 10, 14], "texture": "#0"}
			}
		},
		{
			"name": "ocelot_spawn_egg_2",
			"from": [11, 4, 7.5],
			"to": [13, 13, 8.5],
			"faces": {
				"north": {"uv": [13, 3, 11, 12], "texture": "#0"},
				"east": {"uv": [12, 3, 13, 12], "texture": "#0"},
				"south": {"uv": [11, 3, 13, 12], "texture": "#0"},
				"west": {"uv": [11, 3, 12, 12], "texture": "#0"},
				"up": {"uv": [11, 3, 13, 4], "texture": "#0"},
				"down": {"uv": [11, 11, 13, 12], "texture": "#0"}
			}
		},
		{
			"name": "ocelot_spawn_egg_3",
			"from": [5, 2, 7.5],
			"to": [6, 12, 8.5],
			"faces": {
				"north": {"uv": [6, 4, 5, 14], "texture": "#0"},
				"east": {"uv": [5, 4, 6, 14], "texture": "#0"},
				"south": {"uv": [5, 4, 6, 14], "texture": "#0"},
				"west": {"uv": [5, 4, 6, 14], "texture": "#0"},
				"up": {"uv": [5, 4, 6, 5], "texture": "#0"},
				"down": {"uv": [5, 13, 6, 14], "texture": "#0"}
			}
		},
		{
			"name": "ocelot_spawn_egg_4",
			"from": [10, 2, 7.5],
			"to": [11, 12, 8.5],
			"faces": {
				"north": {"uv": [11, 4, 10, 14], "texture": "#0"},
				"east": {"uv": [10, 4, 11, 14], "texture": "#0"},
				"south": {"uv": [10, 4, 11, 14], "texture": "#0"},
				"west": {"uv": [10, 4, 11, 14], "texture": "#0"},
				"up": {"uv": [10, 4, 11, 5], "texture": "#0"},
				"down": {"uv": [10, 13, 11, 14], "texture": "#0"}
			}
		},
		{
			"name": "ocelot_spawn_egg_5",
			"from": [4, 3, 7.5],
			"to": [5, 4, 8.5],
			"faces": {
				"north": {"uv": [5, 12, 4, 13], "texture": "#0"},
				"east": {"uv": [4, 12, 5, 13], "texture": "#0"},
				"south": {"uv": [4, 12, 5, 13], "texture": "#0"},
				"west": {"uv": [4, 12, 5, 13], "texture": "#0"},
				"up": {"uv": [4, 12, 5, 13], "texture": "#0"},
				"down": {"uv": [4, 12, 5, 13], "texture": "#0"}
			}
		},
		{
			"name": "ocelot_spawn_egg_6",
			"from": [11, 3, 7.5],
			"to": [12, 4, 8.5],
			"faces": {
				"north": {"uv": [12, 12, 11, 13], "texture": "#0"},
				"east": {"uv": [11, 12, 12, 13], "texture": "#0"},
				"south": {"uv": [11, 12, 12, 13], "texture": "#0"},
				"west": {"uv": [11, 12, 12, 13], "texture": "#0"},
				"up": {"uv": [11, 12, 12, 13], "texture": "#0"},
				"down": {"uv": [11, 12, 12, 13], "texture": "#0"}
			}
		}
	],
	"groups": [
		{
			"name": "ocelot_spawn_egg",
			"origin": [8, 8, 8],
			"color": 0,
			"children": [0, 1, 2, 3, 4, 5, 6]
		}
	]
}