{
	"credit": "Made with Blockbench",
	"parent": "minecraft:item/spawn_egg_base",
	"textures": {
		"0": "minecraft:item/parrot_spawn_egg",
		"particle": "minecraft:item/parrot_spawn_egg"
	},
	"elements": [
		{
			"name": "parrot_spawn_egg_0",
			"from": [6, 2, 7.5],
			"to": [8, 16, 8.5],
			"faces": {
				"north": {"uv": [8, 0, 6, 14], "texture": "#0"},
				"east": {"uv": [7, 0, 8, 14], "texture": "#0"},
				"south": {"uv": [6, 0, 8, 14], "texture": "#0"},
				"west": {"uv": [6, 0, 7, 14], "texture": "#0"},
				"up": {"uv": [6, 0, 8, 1], "texture": "#0"},
				"down": {"uv": [6, 13, 8, 14], "texture": "#0"}
			}
		},
		{
			"name": "parrot_spawn_egg_1",
			"from": [4, 13, 7.5],
			"to": [6, 15, 8.5],
			"faces": {
				"north": {"uv": [6, 1, 4, 3], "texture": "#0"},
				"east": {"uv": [5, 1, 6, 3], "texture": "#0"},
				"south": {"uv": [4, 1, 6, 3], "texture": "#0"},
				"west": {"uv": [4, 1, 5, 3], "texture": "#0"},
				"up": {"uv": [4, 1, 6, 2], "texture": "#0"},
				"down": {"uv": [4, 2, 6, 3], "texture": "#0"}
			}
		},
		{
			"name": "parrot_spawn_egg_2",
			"from": [8, 2, 7.5],
			"to": [9, 15, 8.5],
			"faces": {
				"north": {"uv": [9, 1, 8, 14], "texture": "#0"},
				"east": {"uv": [8, 1, 9, 14], "texture": "#0"},
				"south": {"uv": [8, 1, 9, 14], "texture": "#0"},
				"west": {"uv": [8, 1, 9, 14], "texture": "#0"},
				"up": {"uv": [8, 1, 9, 2], "texture": "#0"},
				"down": {"uv": [8, 13, 9, 14], "texture": "#0"}
			}
		},
		{
			"name": "parrot_spawn_egg_3",
			"from": [5, 2, 7.5],
			"to": [6, 13, 8.5],
			"faces": {
				"north": {"uv": [6, 3, 5, 14], "texture": "#0"},
				"east": {"uv": [5, 3, 6, 14], "texture": "#0"},
				"south": {"uv": [5, 3, 6, 14], "texture": "#0"},
				"west": {"uv": [5, 3, 6, 14], "texture": "#0"},
				"up": {"uv": [5, 3, 6, 4], "texture": "#0"},
				"down": {"uv": [5, 13, 6, 14], "texture": "#0"}
			}
		},
		{
			"name": "parrot_spawn_egg_4",
			"from": [9, 2, 7.5],
			"to": [10, 13, 8.5],
			"faces": {
				"north": {"uv": [10, 3, 9, 14], "texture": "#0"},
				"east": {"uv": [9, 3, 10, 14], "texture": "#0"},
				"south": {"uv": [9, 3, 10, 14], "texture": "#0"},
				"west": {"uv": [9, 3, 10, 14], "texture": "#0"},
				"up": {"uv": [9, 3, 10, 4], "texture": "#0"},
				"down": {"uv": [9, 13, 10, 14], "texture": "#0"}
			}
		},
		{
			"name": "parrot_spawn_egg_5",
			"from": [10, 2, 7.5],
			"to": [11, 12, 8.5],
			"faces": {
				"north": {"uv": [11, 4, 10, 14], "texture": "#0"},
				"east": {"uv": [10, 4, 11, 14], "texture": "#0"},
				"south": {"uv": [10, 4, 11, 14], "texture": "#0"},
				"west": {"uv": [10, 4, 11, 14], "texture": "#0"},
				"up": {"uv": [10, 4, 11, 5], "texture": "#0"},
				"down": {"uv": [10, 13, 11, 14], "texture": "#0"}
			}
		},
		{
			"name": "parrot_spawn_egg_6",
			"from": [4, 3, 7.5],
			"to": [5, 11, 8.5],
			"faces": {
				"north": {"uv": [5, 5, 4, 13], "texture": "#0"},
				"east": {"uv": [4, 5, 5, 13], "texture": "#0"},
				"south": {"uv": [4, 5, 5, 13], "texture": "#0"},
				"west": {"uv": [4, 5, 5, 13], "texture": "#0"},
				"up": {"uv": [4, 5, 5, 6], "texture": "#0"},
				"down": {"uv": [4, 12, 5, 13], "texture": "#0"}
			}
		},
		{
			"name": "parrot_spawn_egg_7",
			"from": [11, 3, 7.5],
			"to": [12, 11, 8.5],
			"faces": {
				"north": {"uv": [12, 5, 11, 13], "texture": "#0"},
				"east": {"uv": [11, 5, 12, 13], "texture": "#0"},
				"south": {"uv": [11, 5, 12, 13], "texture": "#0"},
				"west": {"uv": [11, 5, 12, 13], "texture": "#0"},
				"up": {"uv": [11, 5, 12, 6], "texture": "#0"},
				"down": {"uv": [11, 12, 12, 13], "texture": "#0"}
			}
		},
		{
			"name": "parrot_spawn_egg_8",
			"from": [3, 4, 7.5],
			"to": [4, 9, 8.5],
			"faces": {
				"north": {"uv": [4, 7, 3, 12], "texture": "#0"},
				"east": {"uv": [3, 7, 4, 12], "texture": "#0"},
				"south": {"uv": [3, 7, 4, 12], "texture": "#0"},
				"west": {"uv": [3, 7, 4, 12], "texture": "#0"},
				"up": {"uv": [3, 7, 4, 8], "texture": "#0"},
				"down": {"uv": [3, 11, 4, 12], "texture": "#0"}
			}
		},
		{
			"name": "parrot_spawn_egg_9",
			"from": [12, 4, 7.5],
			"to": [13, 9, 8.5],
			"faces": {
				"north": {"uv": [13, 7, 12, 12], "texture": "#0"},
				"east": {"uv": [12, 7, 13, 12], "texture": "#0"},
				"south": {"uv": [12, 7, 13, 12], "texture": "#0"},
				"west": {"uv": [12, 7, 13, 12], "texture": "#0"},
				"up": {"uv": [12, 7, 13, 8], "texture": "#0"},
				"down": {"uv": [12, 11, 13, 12], "texture": "#0"}
			}
		}
	],
	"groups": [
		{
			"name": "parrot_spawn_egg",
			"origin": [8, 8, 8],
			"color": 0,
			"children": [0, 1, 2, 3, 4, 5, 6, 7, 8, 9]
		}
	]
}