{
	"credit": "Made with Blockbench",
	"parent": "minecraft:item/spawn_egg_base",
	"textures": {
		"0": "minecraft:item/piglin_brute_spawn_egg",
		"particle": "minecraft:item/piglin_brute_spawn_egg"
	},
	"elements": [
		{
			"name": "piglin_brute_spawn_egg_0",
			"from": [6, 1, 7.5],
			"to": [10, 15, 8.5],
			"faces": {
				"north": {"uv": [10, 1, 6, 15], "texture": "#0"},
				"east": {"uv": [9, 1, 10, 15], "texture": "#0"},
				"south": {"uv": [6, 1, 10, 15], "texture": "#0"},
				"west": {"uv": [6, 1, 7, 15], "texture": "#0"},
				"up": {"uv": [6, 1, 10, 2], "texture": "#0"},
				"down": {"uv": [6, 14, 10, 15], "texture": "#0"}
			}
		},
		{
			"name": "piglin_brute_spawn_egg_1",
			"from": [4, 2, 7.5],
			"to": [6, 14, 8.5],
			"faces": {
				"north": {"uv": [6, 2, 4, 14], "texture": "#0"},
				"east": {"uv": [5, 2, 6, 14], "texture": "#0"},
				"south": {"uv": [4, 2, 6, 14], "texture": "#0"},
				"west": {"uv": [4, 2, 5, 14], "texture": "#0"},
				"up": {"uv": [4, 2, 6, 3], "texture": "#0"},
				"down": {"uv": [4, 13, 6, 14], "texture": "#0"}
			}
		},
		{
			"name": "piglin_brute_spawn_egg_2",
			"from": [10, 2, 7.5],
			"to": [12, 14, 8.5],
			"faces": {
				"north": {"uv": [12, 2, 10, 14], "texture": "#0"},
				"east": {"uv": [11, 2, 12, 14], "texture": "#0"},
				"south": {"uv": [10, 2, 12, 14], "texture": "#0"},
				"west": {"uv": [10, 2, 11, 14], "texture": "#0"},
				"up": {"uv": [10, 2, 12, 3], "texture": "#0"},
				"down": {"uv": [10, 13, 12, 14], "texture": "#0"}
			}
		},
		{
			"name": "piglin_brute_spawn_egg_3",
			"from": [3, 3, 7.5],
			"to": [4, 13, 8.5],
			"faces": {
				"north": {"uv": [4, 3, 3, 13], "texture": "#0"},
				"east": {"uv": [3, 3, 4, 13], "texture": "#0"},
				"south": {"uv": [3, 3, 4, 13], "texture": "#0"},
				"west": {"uv": [3, 3, 4, 13], "texture": "#0"},
				"up": {"uv": [3, 3, 4, 4], "texture": "#0"},
				"down": {"uv": [3, 12, 4, 13], "texture": "#0"}
			}
		},
		{
			"name": "piglin_brute_spawn_egg_4",
			"from": [12, 3, 7.5],
			"to": [13, 13, 8.5],
			"faces": {
				"north": {"uv": [13, 3, 12, 13], "texture": "#0"},
				"east": {"uv": [12, 3, 13, 13], "texture": "#0"},
				"south": {"uv": [12, 3, 13, 13], "texture": "#0"},
				"west": {"uv": [12, 3, 13, 13], "texture": "#0"},
				"up": {"uv": [12, 3, 13, 4], "texture": "#0"},
				"down": {"uv": [12, 12, 13, 13], "texture": "#0"}
			}
		},
		{
			"name": "piglin_brute_spawn_egg_5",
			"from": [2, 3, 7.5],
			"to": [3, 12, 8.5],
			"faces": {
				"north": {"uv": [3, 4, 2, 13], "texture": "#0"},
				"east": {"uv": [2, 4, 3, 13], "texture": "#0"},
				"south": {"uv": [2, 4, 3, 13], "texture": "#0"},
				"west": {"uv": [2, 4, 3, 13], "texture": "#0"},
				"up": {"uv": [2, 4, 3, 5], "texture": "#0"},
				"down": {"uv": [2, 12, 3, 13], "texture": "#0"}
			}
		},
		{
			"name": "piglin_brute_spawn_egg_6",
			"from": [13, 3, 7.5],
			"to": [14, 12, 8.5],
			"faces": {
				"north": {"uv": [14, 4, 13, 13], "texture": "#0"},
				"east": {"uv": [13, 4, 14, 13], "texture": "#0"},
				"south": {"uv": [13, 4, 14, 13], "texture": "#0"},
				"west": {"uv": [13, 4, 14, 13], "texture": "#0"},
				"up": {"uv": [13, 4, 14, 5], "texture": "#0"},
				"down": {"uv": [13, 12, 14, 13], "texture": "#0"}
			}
		},
		{
			"name": "piglin_brute_spawn_egg_7",
			"from": [1, 8, 7.5],
			"to": [2, 11, 8.5],
			"faces": {
				"north": {"uv": [2, 5, 1, 8], "texture": "#0"},
				"east": {"uv": [1, 5, 2, 8], "texture": "#0"},
				"south": {"uv": [1, 5, 2, 8], "texture": "#0"},
				"west": {"uv": [1, 5, 2, 8], "texture": "#0"},
				"up": {"uv": [1, 5, 2, 6], "texture": "#0"},
				"down": {"uv": [1, 7, 2, 8], "texture": "#0"}
			}
		},
		{
			"name": "piglin_brute_spawn_egg_8",
			"from": [14, 8, 7.5],
			"to": [15, 11, 8.5],
			"faces": {
				"north": {"uv": [15, 5, 14, 8], "texture": "#0"},
				"east": {"uv": [14, 5, 15, 8], "texture": "#0"},
				"south": {"uv": [14, 5, 15, 8], "texture": "#0"},
				"west": {"uv": [14, 5, 15, 8], "texture": "#0"},
				"up": {"uv": [14, 5, 15, 6], "texture": "#0"},
				"down": {"uv": [14, 7, 15, 8], "texture": "#0"}
			}
		},
		{
			"name": "piglin_brute_spawn_egg_9",
			"from": [1, 4, 7.5],
			"to": [2, 7, 8.5],
			"faces": {
				"north": {"uv": [2, 9, 1, 12], "texture": "#0"},
				"east": {"uv": [1, 9, 2, 12], "texture": "#0"},
				"south": {"uv": [1, 9, 2, 12], "texture": "#0"},
				"west": {"uv": [1, 9, 2, 12], "texture": "#0"},
				"up": {"uv": [1, 9, 2, 10], "texture": "#0"},
				"down": {"uv": [1, 11, 2, 12], "texture": "#0"}
			}
		},
		{
			"name": "piglin_brute_spawn_egg_10",
			"from": [14, 4, 7.5],
			"to": [15, 7, 8.5],
			"faces": {
				"north": {"uv": [15, 9, 14, 12], "texture": "#0"},
				"east": {"uv": [14, 9, 15, 12], "texture": "#0"},
				"south": {"uv": [14, 9, 15, 12], "texture": "#0"},
				"west": {"uv": [14, 9, 15, 12], "texture": "#0"},
				"up": {"uv": [14, 9, 15, 10], "texture": "#0"},
				"down": {"uv": [14, 11, 15, 12], "texture": "#0"}
			}
		},
		{
			"name": "piglin_brute_spawn_egg_11",
			"from": [5, 1, 7.5],
			"to": [6, 2, 8.5],
			"faces": {
				"north": {"uv": [6, 14, 5, 15], "texture": "#0"},
				"east": {"uv": [5, 14, 6, 15], "texture": "#0"},
				"south": {"uv": [5, 14, 6, 15], "texture": "#0"},
				"west": {"uv": [5, 14, 6, 15], "texture": "#0"},
				"up": {"uv": [5, 14, 6, 15], "texture": "#0"},
				"down": {"uv": [5, 14, 6, 15], "texture": "#0"}
			}
		},
		{
			"name": "piglin_brute_spawn_egg_12",
			"from": [10, 1, 7.5],
			"to": [11, 2, 8.5],
			"faces": {
				"north": {"uv": [11, 14, 10, 15], "texture": "#0"},
				"east": {"uv": [10, 14, 11, 15], "texture": "#0"},
				"south": {"uv": [10, 14, 11, 15], "texture": "#0"},
				"west": {"uv": [10, 14, 11, 15], "texture": "#0"},
				"up": {"uv": [10, 14, 11, 15], "texture": "#0"},
				"down": {"uv": [10, 14, 11, 15], "texture": "#0"}
			}
		}
	],
	"groups": [
		{
			"name": "piglin_brute_spawn_egg",
			"origin": [8, 8, 8],
			"color": 0,
			"children": [0, 1, 2, 3, 4, 5, 6, 7, 8, 9, 10, 11, 12]
		}
	]
}