{
	"credit": "Made with Blockbench",
	"parent": "minecraft:item/spawn_egg_base",
	"textures": {
		"0": "minecraft:item/pufferfish_spawn_egg",
		"particle": "minecraft:item/pufferfish_spawn_egg"
	},
	"elements": [
		{
			"name": "pufferfish_spawn_egg_0",
			"from": [6, 0, 7.5],
			"to": [7, 14, 8.5],
			"faces": {
				"north": {"uv": [7, 2, 6, 16], "texture": "#0"},
				"east": {"uv": [6, 2, 7, 16], "texture": "#0"},
				"south": {"uv": [6, 2, 7, 16], "texture": "#0"},
				"west": {"uv": [6, 2, 7, 16], "texture": "#0"},
				"up": {"uv": [6, 2, 7, 3], "texture": "#0"},
				"down": {"uv": [6, 15, 7, 16], "texture": "#0"}
			}
		},
		{
			"name": "pufferfish_spawn_egg_1",
			"from": [8, 0, 7.5],
			"to": [9, 14, 8.5],
			"faces": {
				"north": {"uv": [9, 2, 8, 16], "texture": "#0"},
				"east": {"uv": [8, 2, 9, 16], "texture": "#0"},
				"south": {"uv": [8, 2, 9, 16], "texture": "#0"},
				"west": {"uv": [8, 2, 9, 16], "texture": "#0"},
				"up": {"uv": [8, 2, 9, 3], "texture": "#0"},
				"down": {"uv": [8, 15, 9, 16], "texture": "#0"}
			}
		},
		{
			"name": "pufferfish_spawn_egg_2",
			"from": [11, 13, 7.5],
			"to": [12, 14, 8.5],
			"faces": {
				"north": {"uv": [12, 2, 11, 3], "texture": "#0"},
				"east": {"uv": [11, 2, 12, 3], "texture": "#0"},
				"south": {"uv": [11, 2, 12, 3], "texture": "#0"},
				"west": {"uv": [11, 2, 12, 3], "texture": "#0"},
				"up": {"uv": [11, 2, 12, 3], "texture": "#0"},
				"down": {"uv": [11, 2, 12, 3], "texture": "#0"}
			}
		},
		{
			"name": "pufferfish_spawn_egg_3",
			"from": [4, 12, 7.5],
			"to": [5, 13, 8.5],
			"faces": {
				"north": {"uv": [5, 3, 4, 4], "texture": "#0"},
				"east": {"uv": [4, 3, 5, 4], "texture": "#0"},
				"south": {"uv": [4, 3, 5, 4], "texture": "#0"},
				"west": {"uv": [4, 3, 5, 4], "texture": "#0"},
				"up": {"uv": [4, 3, 5, 4], "texture": "#0"},
				"down": {"uv": [4, 3, 5, 4], "texture": "#0"}
			}
		},
		{
			"name": "pufferfish_spawn_egg_4",
			"from": [7, 0, 7.5],
			"to": [8, 13, 8.5],
			"faces": {
				"north": {"uv": [8, 3, 7, 16], "texture": "#0"},
				"east": {"uv": [7, 3, 8, 16], "texture": "#0"},
				"south": {"uv": [7, 3, 8, 16], "texture": "#0"},
				"west": {"uv": [7, 3, 8, 16], "texture": "#0"},
				"up": {"uv": [7, 3, 8, 4], "texture": "#0"},
				"down": {"uv": [7, 15, 8, 16], "texture": "#0"}
			}
		},
		{
			"name": "pufferfish_spawn_egg_5",
			"from": [9, 0, 7.5],
			"to": [11, 13, 8.5],
			"faces": {
				"north": {"uv": [11, 3, 9, 16], "texture": "#0"},
				"east": {"uv": [10, 3, 11, 16], "texture": "#0"},
				"south": {"uv": [9, 3, 11, 16], "texture": "#0"},
				"west": {"uv": [9, 3, 10, 16], "texture": "#0"},
				"up": {"uv": [9, 3, 11, 4], "texture": "#0"},
				"down": {"uv": [9, 15, 11, 16], "texture": "#0"}
			}
		},
		{
			"name": "pufferfish_spawn_egg_6",
			"from": [5, 0, 7.5],
			"to": [6, 12, 8.5],
			"faces": {
				"north": {"uv": [6, 4, 5, 16], "texture": "#0"},
				"east": {"uv": [5, 4, 6, 16], "texture": "#0"},
				"south": {"uv": [5, 4, 6, 16], "texture": "#0"},
				"west": {"uv": [5, 4, 6, 16], "texture": "#0"},
				"up": {"uv": [5, 4, 6, 5], "texture": "#0"},
				"down": {"uv": [5, 15, 6, 16], "texture": "#0"}
			}
		},
		{
			"name": "pufferfish_spawn_egg_7",
			"from": [3, 10, 7.5],
			"to": [5, 11, 8.5],
			"faces": {
				"north": {"uv": [5, 5, 3, 6], "texture": "#0"},
				"east": {"uv": [4, 5, 5, 6], "texture": "#0"},
				"south": {"uv": [3, 5, 5, 6], "texture": "#0"},
				"west": {"uv": [3, 5, 4, 6], "texture": "#0"},
				"up": {"uv": [3, 5, 5, 6], "texture": "#0"},
				"down": {"uv": [3, 5, 5, 6], "texture": "#0"}
			}
		},
		{
			"name": "pufferfish_spawn_egg_8",
			"from": [11, 10, 7.5],
			"to": [13, 11, 8.5],
			"faces": {
				"north": {"uv": [13, 5, 11, 6], "texture": "#0"},
				"east": {"uv": [12, 5, 13, 6], "texture": "#0"},
				"south": {"uv": [11, 5, 13, 6], "texture": "#0"},
				"west": {"uv": [11, 5, 12, 6], "texture": "#0"},
				"up": {"uv": [11, 5, 13, 6], "texture": "#0"},
				"down": {"uv": [11, 5, 13, 6], "texture": "#0"}
			}
		},
		{
			"name": "pufferfish_spawn_egg_9",
			"from": [4, 0, 7.5],
			"to": [5, 10, 8.5],
			"faces": {
				"north": {"uv": [5, 6, 4, 16], "texture": "#0"},
				"east": {"uv": [4, 6, 5, 16], "texture": "#0"},
				"south": {"uv": [4, 6, 5, 16], "texture": "#0"},
				"west": {"uv": [4, 6, 5, 16], "texture": "#0"},
				"up": {"uv": [4, 6, 5, 7], "texture": "#0"},
				"down": {"uv": [4, 15, 5, 16], "texture": "#0"}
			}
		},
		{
			"name": "pufferfish_spawn_egg_10",
			"from": [11, 0, 7.5],
			"to": [12, 10, 8.5],
			"faces": {
				"north": {"uv": [12, 6, 11, 16], "texture": "#0"},
				"east": {"uv": [11, 6, 12, 16], "texture": "#0"},
				"south": {"uv": [11, 6, 12, 16], "texture": "#0"},
				"west": {"uv": [11, 6, 12, 16], "texture": "#0"},
				"up": {"uv": [11, 6, 12, 7], "texture": "#0"},
				"down": {"uv": [11, 15, 12, 16], "texture": "#0"}
			}
		},
		{
			"name": "pufferfish_spawn_egg_11",
			"from": [2, 1, 7.5],
			"to": [4, 9, 8.5],
			"faces": {
				"north": {"uv": [4, 7, 2, 15], "texture": "#0"},
				"east": {"uv": [3, 7, 4, 15], "texture": "#0"},
				"south": {"uv": [2, 7, 4, 15], "texture": "#0"},
				"west": {"uv": [2, 7, 3, 15], "texture": "#0"},
				"up": {"uv": [2, 7, 4, 8], "texture": "#0"},
				"down": {"uv": [2, 14, 4, 15], "texture": "#0"}
			}
		},
		{
			"name": "pufferfish_spawn_egg_12",
			"from": [12, 1, 7.5],
			"to": [14, 9, 8.5],
			"faces": {
				"north": {"uv": [14, 7, 12, 15], "texture": "#0"},
				"east": {"uv": [13, 7, 14, 15], "texture": "#0"},
				"south": {"uv": [12, 7, 14, 15], "texture": "#0"},
				"west": {"uv": [12, 7, 13, 15], "texture": "#0"},
				"up": {"uv": [12, 7, 14, 8], "texture": "#0"},
				"down": {"uv": [12, 14, 14, 15], "texture": "#0"}
			}
		},
		{
			"name": "pufferfish_spawn_egg_13",
			"from": [1, 3, 7.5],
			"to": [2, 6, 8.5],
			"faces": {
				"north": {"uv": [2, 10, 1, 13], "texture": "#0"},
				"east": {"uv": [1, 10, 2, 13], "texture": "#0"},
				"south": {"uv": [1, 10, 2, 13], "texture": "#0"},
				"west": {"uv": [1, 10, 2, 13], "texture": "#0"},
				"up": {"uv": [1, 10, 2, 11], "texture": "#0"},
				"down": {"uv": [1, 12, 2, 13], "texture": "#0"}
			}
		},
		{
			"name": "pufferfish_spawn_egg_14",
			"from": [14, 3, 7.5],
			"to": [15, 6, 8.5],
			"faces": {
				"north": {"uv": [15, 10, 14, 13], "texture": "#0"},
				"east": {"uv": [14, 10, 15, 13], "texture": "#0"},
				"south": {"uv": [14, 10, 15, 13], "texture": "#0"},
				"west": {"uv": [14, 10, 15, 13], "texture": "#0"},
				"up": {"uv": [14, 10, 15, 11], "texture": "#0"},
				"down": {"uv": [14, 12, 15, 13], "texture": "#0"}
			}
		},
		{
			"name": "pufferfish_spawn_egg_15",
			"from": [3, 0, 7.5],
			"to": [4, 1, 8.5],
			"faces": {
				"north": {"uv": [4, 15, 3, 16], "texture": "#0"},
				"east": {"uv": [3, 15, 4, 16], "texture": "#0"},
				"south": {"uv": [3, 15, 4, 16], "texture": "#0"},
				"west": {"uv": [3, 15, 4, 16], "texture": "#0"},
				"up": {"uv": [3, 15, 4, 16], "texture": "#0"},
				"down": {"uv": [3, 15, 4, 16], "texture": "#0"}
			}
		},
		{
			"name": "pufferfish_spawn_egg_16",
			"from": [12, 0, 7.5],
			"to": [13, 1, 8.5],
			"faces": {
				"north": {"uv": [13, 15, 12, 16], "texture": "#0"},
				"east": {"uv": [12, 15, 13, 16], "texture": "#0"},
				"south": {"uv": [12, 15, 13, 16], "texture": "#0"},
				"west": {"uv": [12, 15, 13, 16], "texture": "#0"},
				"up": {"uv": [12, 15, 13, 16], "texture": "#0"},
				"down": {"uv": [12, 15, 13, 16], "texture": "#0"}
			}
		}
	],
	"groups": [
		{
			"name": "pufferfish_spawn_egg",
			"origin": [8, 8, 8],
			"color": 0,
			"children": [0, 1, 2, 3, 4, 5, 6, 7, 8, 9, 10, 11, 12, 13, 14, 15, 16]
		}
	]
}