{
	"credit": "Made with Blockbench",
	"parent": "minecraft:item/spawn_egg_base",
	"textures": {
		"0": "minecraft:item/spider_spawn_egg",
		"particle": "minecraft:item/spider_spawn_egg"
	},
	"elements": [
		{
			"name": "spider_spawn_egg_0",
			"from": [6, 1, 7.5],
			"to": [10, 15, 8.5],
			"faces": {
				"north": {"uv": [10, 1, 6, 15], "texture": "#0"},
				"east": {"uv": [9, 1, 10, 15], "texture": "#0"},
				"south": {"uv": [6, 1, 10, 15], "texture": "#0"},
				"west": {"uv": [6, 1, 7, 15], "texture": "#0"},
				"up": {"uv": [6, 1, 10, 2], "texture": "#0"},
				"down": {"uv": [6, 14, 10, 15], "texture": "#0"}
			}
		},
		{
			"name": "spider_spawn_egg_1",
			"from": [5, 1, 7.5],
			"to": [6, 14, 8.5],
			"faces": {
				"north": {"uv": [6, 2, 5, 15], "texture": "#0"},
				"east": {"uv": [5, 2, 6, 15], "texture": "#0"},
				"south": {"uv": [5, 2, 6, 15], "texture": "#0"},
				"west": {"uv": [5, 2, 6, 15], "texture": "#0"},
				"up": {"uv": [5, 2, 6, 3], "texture": "#0"},
				"down": {"uv": [5, 14, 6, 15], "texture": "#0"}
			}
		},
		{
			"name": "spider_spawn_egg_2",
			"from": [10, 1, 7.5],
			"to": [11, 14, 8.5],
			"faces": {
				"north": {"uv": [11, 2, 10, 15], "texture": "#0"},
				"east": {"uv": [10, 2, 11, 15], "texture": "#0"},
				"south": {"uv": [10, 2, 11, 15], "texture": "#0"},
				"west": {"uv": [10, 2, 11, 15], "texture": "#0"},
				"up": {"uv": [10, 2, 11, 3], "texture": "#0"},
				"down": {"uv": [10, 14, 11, 15], "texture": "#0"}
			}
		},
		{
			"name": "spider_spawn_egg_3",
			"from": [4, 2, 7.5],
			"to": [5, 13, 8.5],
			"faces": {
				"north": {"uv": [5, 3, 4, 14], "texture": "#0"},
				"east": {"uv": [4, 3, 5, 14], "texture": "#0"},
				"south": {"uv": [4, 3, 5, 14], "texture": "#0"},
				"west": {"uv": [4, 3, 5, 14], "texture": "#0"},
				"up": {"uv": [4, 3, 5, 4], "texture": "#0"},
				"down": {"uv": [4, 13, 5, 14], "texture": "#0"}
			}
		},
		{
			"name": "spider_spawn_egg_4",
			"from": [11, 2, 7.5],
			"to": [12, 13, 8.5],
			"faces": {
				"north": {"uv": [12, 3, 11, 14], "texture": "#0"},
				"east": {"uv": [11, 3, 12, 14], "texture": "#0"},
				"south": {"uv": [11, 3, 12, 14], "texture": "#0"},
				"west": {"uv": [11, 3, 12, 14], "texture": "#0"},
				"up": {"uv": [11, 3, 12, 4], "texture": "#0"},
				"down": {"uv": [11, 13, 12, 14], "texture": "#0"}
			}
		},
		{
			"name": "spider_spawn_egg_5",
			"from": [3, 2, 7.5],
			"to": [4, 12, 8.5],
			"faces": {
				"north": {"uv": [4, 4, 3, 14], "texture": "#0"},
				"east": {"uv": [3, 4, 4, 14], "texture": "#0"},
				"south": {"uv": [3, 4, 4, 14], "texture": "#0"},
				"west": {"uv": [3, 4, 4, 14], "texture": "#0"},
				"up": {"uv": [3, 4, 4, 5], "texture": "#0"},
				"down": {"uv": [3, 13, 4, 14], "texture": "#0"}
			}
		},
		{
			"name": "spider_spawn_egg_6",
			"from": [12, 2, 7.5],
			"to": [13, 12, 8.5],
			"faces": {
				"north": {"uv": [13, 4, 12, 14], "texture": "#0"},
				"east": {"uv": [12, 4, 13, 14], "texture": "#0"},
				"south": {"uv": [12, 4, 13, 14], "texture": "#0"},
				"west": {"uv": [12, 4, 13, 14], "texture": "#0"},
				"up": {"uv": [12, 4, 13, 5], "texture": "#0"},
				"down": {"uv": [12, 13, 13, 14], "texture": "#0"}
			}
		},
		{
			"name": "spider_spawn_egg_7",
			"from": [2, 1, 7.5],
			"to": [3, 10, 8.5],
			"faces": {
				"north": {"uv": [3, 6, 2, 15], "texture": "#0"},
				"east": {"uv": [2, 6, 3, 15], "texture": "#0"},
				"south": {"uv": [2, 6, 3, 15], "texture": "#0"},
				"west": {"uv": [2, 6, 3, 15], "texture": "#0"},
				"up": {"uv": [2, 6, 3, 7], "texture": "#0"},
				"down": {"uv": [2, 14, 3, 15], "texture": "#0"}
			}
		},
		{
			"name": "spider_spawn_egg_8",
			"from": [13, 1, 7.5],
			"to": [14, 10, 8.5],
			"faces": {
				"north": {"uv": [14, 6, 13, 15], "texture": "#0"},
				"east": {"uv": [13, 6, 14, 15], "texture": "#0"},
				"south": {"uv": [13, 6, 14, 15], "texture": "#0"},
				"west": {"uv": [13, 6, 14, 15], "texture": "#0"},
				"up": {"uv": [13, 6, 14, 7], "texture": "#0"},
				"down": {"uv": [13, 14, 14, 15], "texture": "#0"}
			}
		},
		{
			"name": "spider_spawn_egg_9",
			"from": [1, 0, 7.5],
			"to": [2, 7, 8.5],
			"faces": {
				"north": {"uv": [2, 9, 1, 16], "texture": "#0"},
				"east": {"uv": [1, 9, 2, 16], "texture": "#0"},
				"south": {"uv": [1, 9, 2, 16], "texture": "#0"},
				"west": {"uv": [1, 9, 2, 16], "texture": "#0"},
				"up": {"uv": [1, 9, 2, 10], "texture": "#0"},
				"down": {"uv": [1, 15, 2, 16], "texture": "#0"}
			}
		},
		{
			"name": "spider_spawn_egg_10",
			"from": [14, 0, 7.5],
			"to": [15, 7, 8.5],
			"faces": {
				"north": {"uv": [15, 9, 14, 16], "texture": "#0"},
				"east": {"uv": [14, 9, 15, 16], "texture": "#0"},
				"south": {"uv": [14, 9, 15, 16], "texture": "#0"},
				"west": {"uv": [14, 9, 15, 16], "texture": "#0"},
				"up": {"uv": [14, 9, 15, 10], "texture": "#0"},
				"down": {"uv": [14, 15, 15, 16], "texture": "#0"}
			}
		},
		{
			"name": "spider_spawn_egg_11",
			"from": [0, 4, 7.5],
			"to": [1, 6, 8.5],
			"faces": {
				"north": {"uv": [1, 10, 0, 12], "texture": "#0"},
				"east": {"uv": [0, 10, 1, 12], "texture": "#0"},
				"south": {"uv": [0, 10, 1, 12], "texture": "#0"},
				"west": {"uv": [0, 10, 1, 12], "texture": "#0"},
				"up": {"uv": [0, 10, 1, 11], "texture": "#0"},
				"down": {"uv": [0, 11, 1, 12], "texture": "#0"}
			}
		},
		{
			"name": "spider_spawn_egg_12",
			"from": [15, 4, 7.5],
			"to": [16, 6, 8.5],
			"faces": {
				"north": {"uv": [16, 10, 15, 12], "texture": "#0"},
				"east": {"uv": [15, 10, 16, 12], "texture": "#0"},
				"south": {"uv": [15, 10, 16, 12], "texture": "#0"},
				"west": {"uv": [15, 10, 16, 12], "texture": "#0"},
				"up": {"uv": [15, 10, 16, 11], "texture": "#0"},
				"down": {"uv": [15, 11, 16, 12], "texture": "#0"}
			}
		},
		{
			"name": "spider_spawn_egg_13",
			"from": [0, 0, 7.5],
			"to": [1, 3, 8.5],
			"faces": {
				"north": {"uv": [1, 13, 0, 16], "texture": "#0"},
				"east": {"uv": [0, 13, 1, 16], "texture": "#0"},
				"south": {"uv": [0, 13, 1, 16], "texture": "#0"},
				"west": {"uv": [0, 13, 1, 16], "texture": "#0"},
				"up": {"uv": [0, 13, 1, 14], "texture": "#0"},
				"down": {"uv": [0, 15, 1, 16], "texture": "#0"}
			}
		},
		{
			"name": "spider_spawn_egg_14",
			"from": [15, 0, 7.5],
			"to": [16, 3, 8.5],
			"faces": {
				"north": {"uv": [16, 13, 15, 16], "texture": "#0"},
				"east": {"uv": [15, 13, 16, 16], "texture": "#0"},
				"south": {"uv": [15, 13, 16, 16], "texture": "#0"},
				"west": {"uv": [15, 13, 16, 16], "texture": "#0"},
				"up": {"uv": [15, 13, 16, 14], "texture": "#0"},
				"down": {"uv": [15, 15, 16, 16], "texture": "#0"}
			}
		}
	],
	"groups": [
		{
			"name": "spider_spawn_egg",
			"origin": [8, 8, 8],
			"color": 0,
			"children": [0, 1, 2, 3, 4, 5, 6, 7, 8, 9, 10, 11, 12, 13, 14]
		}
	]
}