{
	"credit": "Made with Blockbench",
	"parent": "minecraft:item/spawn_egg_base",
	"textures": {
		"0": "minecraft:item/squid_spawn_egg",
		"particle": "minecraft:item/squid_spawn_egg"
	},
	"elements": [
		{
			"name": "squid_spawn_egg_0",
			"from": [6, 0, 7.5],
			"to": [10, 14, 8.5],
			"faces": {
				"north": {"uv": [10, 2, 6, 16], "texture": "#0"},
				"east": {"uv": [9, 2, 10, 16], "texture": "#0"},
				"south": {"uv": [6, 2, 10, 16], "texture": "#0"},
				"west": {"uv": [6, 2, 7, 16], "texture": "#0"},
				"up": {"uv": [6, 2, 10, 3], "texture": "#0"},
				"down": {"uv": [6, 15, 10, 16], "texture": "#0"}
			}
		},
		{
			"name": "squid_spawn_egg_1",
			"from": [5, 0, 7.5],
			"to": [6, 13, 8.5],
			"faces": {
				"north": {"uv": [6, 3, 5, 16], "texture": "#0"},
				"east": {"uv": [5, 3, 6, 16], "texture": "#0"},
				"south": {"uv": [5, 3, 6, 16], "texture": "#0"},
				"west": {"uv": [5, 3, 6, 16], "texture": "#0"},
				"up": {"uv": [5, 3, 6, 4], "texture": "#0"},
				"down": {"uv": [5, 15, 6, 16], "texture": "#0"}
			}
		},
		{
			"name": "squid_spawn_egg_2",
			"from": [10, 0, 7.5],
			"to": [11, 13, 8.5],
			"faces": {
				"north": {"uv": [11, 3, 10, 16], "texture": "#0"},
				"east": {"uv": [10, 3, 11, 16], "texture": "#0"},
				"south": {"uv": [10, 3, 11, 16], "texture": "#0"},
				"west": {"uv": [10, 3, 11, 16], "texture": "#0"},
				"up": {"uv": [10, 3, 11, 4], "texture": "#0"},
				"down": {"uv": [10, 15, 11, 16], "texture": "#0"}
			}
		},
		{
			"name": "squid_spawn_egg_3",
			"from": [4, 0, 7.5],
			"to": [5, 12, 8.5],
			"faces": {
				"north": {"uv": [5, 4, 4, 16], "texture": "#0"},
				"east": {"uv": [4, 4, 5, 16], "texture": "#0"},
				"south": {"uv": [4, 4, 5, 16], "texture": "#0"},
				"west": {"uv": [4, 4, 5, 16], "texture": "#0"},
				"up": {"uv": [4, 4, 5, 5], "texture": "#0"},
				"down": {"uv": [4, 15, 5, 16], "texture": "#0"}
			}
		},
		{
			"name": "squid_spawn_egg_4",
			"from": [11, 0, 7.5],
			"to": [12, 12, 8.5],
			"faces": {
				"north": {"uv": [12, 4, 11, 16], "texture": "#0"},
				"east": {"uv": [11, 4, 12, 16], "texture": "#0"},
				"south": {"uv": [11, 4, 12, 16], "texture": "#0"},
				"west": {"uv": [11, 4, 12, 16], "texture": "#0"},
				"up": {"uv": [11, 4, 12, 5], "texture": "#0"},
				"down": {"uv": [11, 15, 12, 16], "texture": "#0"}
			}
		},
		{
			"name": "squid_spawn_egg_5",
			"from": [3, 0, 7.5],
			"to": [4, 11, 8.5],
			"faces": {
				"north": {"uv": [4, 5, 3, 16], "texture": "#0"},
				"east": {"uv": [3, 5, 4, 16], "texture": "#0"},
				"south": {"uv": [3, 5, 4, 16], "texture": "#0"},
				"west": {"uv": [3, 5, 4, 16], "texture": "#0"},
				"up": {"uv": [3, 5, 4, 6], "texture": "#0"},
				"down": {"uv": [3, 15, 4, 16], "texture": "#0"}
			}
		},
		{
			"name": "squid_spawn_egg_6",
			"from": [12, 0, 7.5],
			"to": [13, 11, 8.5],
			"faces": {
				"north": {"uv": [13, 5, 12, 16], "texture": "#0"},
				"east": {"uv": [12, 5, 13, 16], "texture": "#0"},
				"south": {"uv": [12, 5, 13, 16], "texture": "#0"},
				"west": {"uv": [12, 5, 13, 16], "texture": "#0"},
				"up": {"uv": [12, 5, 13, 6], "texture": "#0"},
				"down": {"uv": [12, 15, 13, 16], "texture": "#0"}
			}
		},
		{
			"name": "squid_spawn_egg_7",
			"from": [2, 1, 7.5],
			"to": [3, 9, 8.5],
			"faces": {
				"north": {"uv": [3, 7, 2, 15], "texture": "#0"},
				"east": {"uv": [2, 7, 3, 15], "texture": "#0"},
				"south": {"uv": [2, 7, 3, 15], "texture": "#0"},
				"west": {"uv": [2, 7, 3, 15], "texture": "#0"},
				"up": {"uv": [2, 7, 3, 8], "texture": "#0"},
				"down": {"uv": [2, 14, 3, 15], "texture": "#0"}
			}
		},
		{
			"name": "squid_spawn_egg_8",
			"from": [13, 1, 7.5],
			"to": [14, 9, 8.5],
			"faces": {
				"north": {"uv": [14, 7, 13, 15], "texture": "#0"},
				"east": {"uv": [13, 7, 14, 15], "texture": "#0"},
				"south": {"uv": [13, 7, 14, 15], "texture": "#0"},
				"west": {"uv": [13, 7, 14, 15], "texture": "#0"},
				"up": {"uv": [13, 7, 14, 8], "texture": "#0"},
				"down": {"uv": [13, 14, 14, 15], "texture": "#0"}
			}
		},
		{
			"name": "squid_spawn_egg_9",
			"from": [1, 2, 7.5],
			"to": [2, 5, 8.5],
			"faces": {
				"north": {"uv": [2, 11, 1, 14], "texture": "#0"},
				"east": {"uv": [1, 11, 2, 14], "texture": "#0"},
				"south": {"uv": [1, 11, 2, 14], "texture": "#0"},
				"west": {"uv": [1, 11, 2, 14], "texture": "#0"},
				"up": {"uv": [1, 11, 2, 12], "texture": "#0"},
				"down": {"uv": [1, 13, 2, 14], "texture": "#0"}
			}
		},
		{
			"name": "squid_spawn_egg_10",
			"from": [14, 2, 7.5],
			"to": [15, 5, 8.5],
			"faces": {
				"north": {"uv": [15, 11, 14, 14], "texture": "#0"},
				"east": {"uv": [14, 11, 15, 14], "texture": "#0"},
				"south": {"uv": [14, 11, 15, 14], "texture": "#0"},
				"west": {"uv": [14, 11, 15, 14], "texture": "#0"},
				"up": {"uv": [14, 11, 15, 12], "texture": "#0"},
				"down": {"uv": [14, 13, 15, 14], "texture": "#0"}
			}
		}
	],
	"groups": [
		{
			"name": "squid_spawn_egg",
			"origin": [8, 8, 8],
			"color": 0,
			"children": [0, 1, 2, 3, 4, 5, 6, 7, 8, 9, 10]
		}
	]
}