{
	"credit": "Made with Blockbench",
	"parent": "minecraft:item/spawn_egg_base",
	"textures": {
		"0": "minecraft:item/tropical_fish_spawn_egg",
		"particle": "minecraft:item/tropical_fish_spawn_egg"
	},
	"elements": [
		{
			"name": "tropical_fish_spawn_egg_0",
			"from": [6, 0, 7.5],
			"to": [10, 13, 8.5],
			"faces": {
				"north": {"uv": [10, 3, 6, 16], "texture": "#0"},
				"east": {"uv": [9, 3, 10, 16], "texture": "#0"},
				"south": {"uv": [6, 3, 10, 16], "texture": "#0"},
				"west": {"uv": [6, 3, 7, 16], "texture": "#0"},
				"up": {"uv": [6, 3, 10, 4], "texture": "#0"},
				"down": {"uv": [6, 15, 10, 16], "texture": "#0"}
			}
		},
		{
			"name": "tropical_fish_spawn_egg_1",
			"from": [5, 0, 7.5],
			"to": [6, 12, 8.5],
			"faces": {
				"north": {"uv": [6, 4, 5, 16], "texture": "#0"},
				"east": {"uv": [5, 4, 6, 16], "texture": "#0"},
				"south": {"uv": [5, 4, 6, 16], "texture": "#0"},
				"west": {"uv": [5, 4, 6, 16], "texture": "#0"},
				"up": {"uv": [5, 4, 6, 5], "texture": "#0"},
				"down": {"uv": [5, 15, 6, 16], "texture": "#0"}
			}
		},
		{
			"name": "tropical_fish_spawn_egg_2",
			"from": [10, 0, 7.5],
			"to": [11, 12, 8.5],
			"faces": {
				"north": {"uv": [11, 4, 10, 16], "texture": "#0"},
				"east": {"uv": [10, 4, 11, 16], "texture": "#0"},
				"south": {"uv": [10, 4, 11, 16], "texture": "#0"},
				"west": {"uv": [10, 4, 11, 16], "texture": "#0"},
				"up": {"uv": [10, 4, 11, 5], "texture": "#0"},
				"down": {"uv": [10, 15, 11, 16], "texture": "#0"}
			}
		},
		{
			"name": "tropical_fish_spawn_egg_3",
			"from": [4, 0, 7.5],
			"to": [5, 11, 8.5],
			"faces": {
				"north": {"uv": [5, 5, 4, 16], "texture": "#0"},
				"east": {"uv": [4, 5, 5, 16], "texture": "#0"},
				"south": {"uv": [4, 5, 5, 16], "texture": "#0"},
				"west": {"uv": [4, 5, 5, 16], "texture": "#0"},
				"up": {"uv": [4, 5, 5, 6], "texture": "#0"},
				"down": {"uv": [4, 15, 5, 16], "texture": "#0"}
			}
		},
		{
			"name": "tropical_fish_spawn_egg_4",
			"from": [11, 0, 7.5],
			"to": [12, 11, 8.5],
			"faces": {
				"north": {"uv": [12, 5, 11, 16], "texture": "#0"},
				"east": {"uv": [11, 5, 12, 16], "texture": "#0"},
				"south": {"uv": [11, 5, 12, 16], "texture": "#0"},
				"west": {"uv": [11, 5, 12, 16], "texture": "#0"},
				"up": {"uv": [11, 5, 12, 6], "texture": "#0"},
				"down": {"uv": [11, 15, 12, 16], "texture": "#0"}
			}
		},
		{
			"name": "tropical_fish_spawn_egg_5",
			"from": [3, 0, 7.5],
			"to": [4, 9, 8.5],
			"faces": {
				"north": {"uv": [4, 7, 3, 16], "texture": "#0"},
				"east": {"uv": [3, 7, 4, 16], "texture": "#0"},
				"south": {"uv": [3, 7, 4, 16], "texture": "#0"},
				"west": {"uv": [3, 7, 4, 16], "texture": "#0"},
				"up": {"uv": [3, 7, 4, 8], "texture": "#0"},
				"down": {"uv": [3, 15, 4, 16], "texture": "#0"}
			}
		},
		{
			"name": "tropical_fish_spawn_egg_6",
			"from": [12, 0, 7.5],
			"to": [13, 9, 8.5],
			"faces": {
				"north": {"uv": [13, 7, 12, 16], "texture": "#0"},
				"east": {"uv": [12, 7, 13, 16], "texture": "#0"},
				"south": {"uv": [12, 7, 13, 16], "texture": "#0"},
				"west": {"uv": [12, 7, 13, 16], "texture": "#0"},
				"up": {"uv": [12, 7, 13, 8], "texture": "#0"},
				"down": {"uv": [12, 15, 13, 16], "texture": "#0"}
			}
		},
		{
			"name": "tropical_fish_spawn_egg_7",
			"from": [2, 1, 7.5],
			"to": [3, 8, 8.5],
			"faces": {
				"north": {"uv": [3, 8, 2, 15], "texture": "#0"},
				"east": {"uv": [2, 8, 3, 15], "texture": "#0"},
				"south": {"uv": [2, 8, 3, 15], "texture": "#0"},
				"west": {"uv": [2, 8, 3, 15], "texture": "#0"},
				"up": {"uv": [2, 8, 3, 9], "texture": "#0"},
				"down": {"uv": [2, 14, 3, 15], "texture": "#0"}
			}
		},
		{
			"name": "tropical_fish_spawn_egg_8",
			"from": [13, 1, 7.5],
			"to": [14, 8, 8.5],
			"faces": {
				"north": {"uv": [14, 8, 13, 15], "texture": "#0"},
				"east": {"uv": [13, 8, 14, 15], "texture": "#0"},
				"south": {"uv": [13, 8, 14, 15], "texture": "#0"},
				"west": {"uv": [13, 8, 14, 15], "texture": "#0"},
				"up": {"uv": [13, 8, 14, 9], "texture": "#0"},
				"down": {"uv": [13, 14, 14, 15], "texture": "#0"}
			}
		},
		{
			"name": "tropical_fish_spawn_egg_9",
			"from": [1, 3, 7.5],
			"to": [2, 6, 8.5],
			"faces": {
				"north": {"uv": [2, 10, 1, 13], "texture": "#0"},
				"east": {"uv": [1, 10, 2, 13], "texture": "#0"},
				"south": {"uv": [1, 10, 2, 13], "texture": "#0"},
				"west": {"uv": [1, 10, 2, 13], "texture": "#0"},
				"up": {"uv": [1, 10, 2, 11], "texture": "#0"},
				"down": {"uv": [1, 12, 2, 13], "texture": "#0"}
			}
		},
		{
			"name": "tropical_fish_spawn_egg_10",
			"from": [14, 3, 7.5],
			"to": [15, 6, 8.5],
			"faces": {
				"north": {"uv": [15, 10, 14, 13], "texture": "#0"},
				"east": {"uv": [14, 10, 15, 13], "texture": "#0"},
				"south": {"uv": [14, 10, 15, 13], "texture": "#0"},
				"west": {"uv": [14, 10, 15, 13], "texture": "#0"},
				"up": {"uv": [14, 10, 15, 11], "texture": "#0"},
				"down": {"uv": [14, 12, 15, 13], "texture": "#0"}
			}
		}
	],
	"groups": [
		{
			"name": "tropical_fish_spawn_egg",
			"origin": [8, 8, 8],
			"color": 0,
			"children": [0, 1, 2, 3, 4, 5, 6, 7, 8, 9, 10]
		}
	]
}