{
	"credit": "Made with Blockbench",
	"parent": "minecraft:item/spawn_egg_base",
	"textures": {
		"0": "minecraft:item/vex_spawn_egg",
		"particle": "minecraft:item/vex_spawn_egg"
	},
	"elements": [
		{
			"name": "vex_spawn_egg_0",
			"from": [4, 3, 7.5],
			"to": [6, 16, 8.5],
			"faces": {
				"north": {"uv": [6, 0, 4, 13], "texture": "#0"},
				"east": {"uv": [5, 0, 6, 13], "texture": "#0"},
				"south": {"uv": [4, 0, 6, 13], "texture": "#0"},
				"west": {"uv": [4, 0, 5, 13], "texture": "#0"},
				"up": {"uv": [4, 0, 6, 1], "texture": "#0"},
				"down": {"uv": [4, 12, 6, 13], "texture": "#0"}
			}
		},
		{
			"name": "vex_spawn_egg_1",
			"from": [10, 3, 7.5],
			"to": [12, 16, 8.5],
			"faces": {
				"north": {"uv": [12, 0, 10, 13], "texture": "#0"},
				"east": {"uv": [11, 0, 12, 13], "texture": "#0"},
				"south": {"uv": [10, 0, 12, 13], "texture": "#0"},
				"west": {"uv": [10, 0, 11, 13], "texture": "#0"},
				"up": {"uv": [10, 0, 12, 1], "texture": "#0"},
				"down": {"uv": [10, 12, 12, 13], "texture": "#0"}
			}
		},
		{
			"name": "vex_spawn_egg_2",
			"from": [3, 4, 7.5],
			"to": [4, 15, 8.5],
			"faces": {
				"north": {"uv": [4, 1, 3, 12], "texture": "#0"},
				"east": {"uv": [3, 1, 4, 12], "texture": "#0"},
				"south": {"uv": [3, 1, 4, 12], "texture": "#0"},
				"west": {"uv": [3, 1, 4, 12], "texture": "#0"},
				"up": {"uv": [3, 1, 4, 2], "texture": "#0"},
				"down": {"uv": [3, 11, 4, 12], "texture": "#0"}
			}
		},
		{
			"name": "vex_spawn_egg_3",
			"from": [12, 4, 7.5],
			"to": [13, 15, 8.5],
			"faces": {
				"north": {"uv": [13, 1, 12, 12], "texture": "#0"},
				"east": {"uv": [12, 1, 13, 12], "texture": "#0"},
				"south": {"uv": [12, 1, 13, 12], "texture": "#0"},
				"west": {"uv": [12, 1, 13, 12], "texture": "#0"},
				"up": {"uv": [12, 1, 13, 2], "texture": "#0"},
				"down": {"uv": [12, 11, 13, 12], "texture": "#0"}
			}
		},
		{
			"name": "vex_spawn_egg_4",
			"from": [0, 12, 7.5],
			"to": [3, 14, 8.5],
			"faces": {
				"north": {"uv": [3, 2, 0, 4], "texture": "#0"},
				"east": {"uv": [2, 2, 3, 4], "texture": "#0"},
				"south": {"uv": [0, 2, 3, 4], "texture": "#0"},
				"west": {"uv": [0, 2, 1, 4], "texture": "#0"},
				"up": {"uv": [0, 2, 3, 3], "texture": "#0"},
				"down": {"uv": [0, 3, 3, 4], "texture": "#0"}
			}
		},
		{
			"name": "vex_spawn_egg_5",
			"from": [13, 12, 7.5],
			"to": [16, 14, 8.5],
			"faces": {
				"north": {"uv": [16, 2, 13, 4], "texture": "#0"},
				"east": {"uv": [15, 2, 16, 4], "texture": "#0"},
				"south": {"uv": [13, 2, 16, 4], "texture": "#0"},
				"west": {"uv": [13, 2, 14, 4], "texture": "#0"},
				"up": {"uv": [13, 2, 16, 3], "texture": "#0"},
				"down": {"uv": [13, 3, 16, 4], "texture": "#0"}
			}
		},
		{
			"name": "vex_spawn_egg_6",
			"from": [6, 2, 7.5],
			"to": [10, 13, 8.5],
			"faces": {
				"north": {"uv": [10, 3, 6, 14], "texture": "#0"},
				"east": {"uv": [9, 3, 10, 14], "texture": "#0"},
				"south": {"uv": [6, 3, 10, 14], "texture": "#0"},
				"west": {"uv": [6, 3, 7, 14], "texture": "#0"},
				"up": {"uv": [6, 3, 10, 4], "texture": "#0"},
				"down": {"uv": [6, 13, 10, 14], "texture": "#0"}
			}
		},
		{
			"name": "vex_spawn_egg_7",
			"from": [1, 11, 7.5],
			"to": [3, 12, 8.5],
			"faces": {
				"north": {"uv": [3, 4, 1, 5], "texture": "#0"},
				"east": {"uv": [2, 4, 3, 5], "texture": "#0"},
				"south": {"uv": [1, 4, 3, 5], "texture": "#0"},
				"west": {"uv": [1, 4, 2, 5], "texture": "#0"},
				"up": {"uv": [1, 4, 3, 5], "texture": "#0"},
				"down": {"uv": [1, 4, 3, 5], "texture": "#0"}
			}
		},
		{
			"name": "vex_spawn_egg_8",
			"from": [13, 11, 7.5],
			"to": [15, 12, 8.5],
			"faces": {
				"north": {"uv": [15, 4, 13, 5], "texture": "#0"},
				"east": {"uv": [14, 4, 15, 5], "texture": "#0"},
				"south": {"uv": [13, 4, 15, 5], "texture": "#0"},
				"west": {"uv": [13, 4, 14, 5], "texture": "#0"},
				"up": {"uv": [13, 4, 15, 5], "texture": "#0"},
				"down": {"uv": [13, 4, 15, 5], "texture": "#0"}
			}
		},
		{
			"name": "vex_spawn_egg_9",
			"from": [2, 7, 7.5],
			"to": [3, 11, 8.5],
			"faces": {
				"north": {"uv": [3, 5, 2, 9], "texture": "#0"},
				"east": {"uv": [2, 5, 3, 9], "texture": "#0"},
				"south": {"uv": [2, 5, 3, 9], "texture": "#0"},
				"west": {"uv": [2, 5, 3, 9], "texture": "#0"},
				"up": {"uv": [2, 5, 3, 6], "texture": "#0"},
				"down": {"uv": [2, 8, 3, 9], "texture": "#0"}
			}
		},
		{
			"name": "vex_spawn_egg_10",
			"from": [13, 7, 7.5],
			"to": [14, 11, 8.5],
			"faces": {
				"north": {"uv": [14, 5, 13, 9], "texture": "#0"},
				"east": {"uv": [13, 5, 14, 9], "texture": "#0"},
				"south": {"uv": [13, 5, 14, 9], "texture": "#0"},
				"west": {"uv": [13, 5, 14, 9], "texture": "#0"},
				"up": {"uv": [13, 5, 14, 6], "texture": "#0"},
				"down": {"uv": [13, 8, 14, 9], "texture": "#0"}
			}
		},
		{
			"name": "vex_spawn_egg_11",
			"from": [1, 8, 7.5],
			"to": [2, 10, 8.5],
			"faces": {
				"north": {"uv": [2, 6, 1, 8], "texture": "#0"},
				"east": {"uv": [1, 6, 2, 8], "texture": "#0"},
				"south": {"uv": [1, 6, 2, 8], "texture": "#0"},
				"west": {"uv": [1, 6, 2, 8], "texture": "#0"},
				"up": {"uv": [1, 6, 2, 7], "texture": "#0"},
				"down": {"uv": [1, 7, 2, 8], "texture": "#0"}
			}
		},
		{
			"name": "vex_spawn_egg_12",
			"from": [14, 8, 7.5],
			"to": [15, 10, 8.5],
			"faces": {
				"north": {"uv": [15, 6, 14, 8], "texture": "#0"},
				"east": {"uv": [14, 6, 15, 8], "texture": "#0"},
				"south": {"uv": [14, 6, 15, 8], "texture": "#0"},
				"west": {"uv": [14, 6, 15, 8], "texture": "#0"},
				"up": {"uv": [14, 6, 15, 7], "texture": "#0"},
				"down": {"uv": [14, 7, 15, 8], "texture": "#0"}
			}
		},
		{
			"name": "vex_spawn_egg_13",
			"from": [5, 2, 7.5],
			"to": [6, 3, 8.5],
			"faces": {
				"north": {"uv": [6, 13, 5, 14], "texture": "#0"},
				"east": {"uv": [5, 13, 6, 14], "texture": "#0"},
				"south": {"uv": [5, 13, 6, 14], "texture": "#0"},
				"west": {"uv": [5, 13, 6, 14], "texture": "#0"},
				"up": {"uv": [5, 13, 6, 14], "texture": "#0"},
				"down": {"uv": [5, 13, 6, 14], "texture": "#0"}
			}
		},
		{
			"name": "vex_spawn_egg_14",
			"from": [10, 2, 7.5],
			"to": [11, 3, 8.5],
			"faces": {
				"north": {"uv": [11, 13, 10, 14], "texture": "#0"},
				"east": {"uv": [10, 13, 11, 14], "texture": "#0"},
				"south": {"uv": [10, 13, 11, 14], "texture": "#0"},
				"west": {"uv": [10, 13, 11, 14], "texture": "#0"},
				"up": {"uv": [10, 13, 11, 14], "texture": "#0"},
				"down": {"uv": [10, 13, 11, 14], "texture": "#0"}
			}
		}
	],
	"groups": [
		{
			"name": "vex_spawn_egg",
			"origin": [8, 8, 8],
			"color": 0,
			"children": [0, 1, 2, 3, 4, 5, 6, 7, 8, 9, 10, 11, 12, 13, 14]
		}
	]
}