{
	"credit": "Made with Blockbench",
	"parent": "minecraft:item/spawn_egg_base",
	"textures": {
		"0": "minecraft:item/zoglin_spawn_egg",
		"particle": "minecraft:item/zoglin_spawn_egg"
	},
	"elements": [
		{
			"name": "zoglin_spawn_egg_0",
			"from": [5, 0, 7.5],
			"to": [6, 16, 8.5],
			"faces": {
				"north": {"uv": [6, 0, 5, 16], "texture": "#0"},
				"east": {"uv": [5, 0, 6, 16], "texture": "#0"},
				"south": {"uv": [5, 0, 6, 16], "texture": "#0"},
				"west": {"uv": [5, 0, 6, 16], "texture": "#0"},
				"up": {"uv": [5, 0, 6, 1], "texture": "#0"},
				"down": {"uv": [5, 15, 6, 16], "texture": "#0"}
			}
		},
		{
			"name": "zoglin_spawn_egg_1",
			"from": [7, 0, 7.5],
			"to": [10, 16, 8.5],
			"faces": {
				"north": {"uv": [10, 0, 7, 16], "texture": "#0"},
				"east": {"uv": [9, 0, 10, 16], "texture": "#0"},
				"south": {"uv": [7, 0, 10, 16], "texture": "#0"},
				"west": {"uv": [7, 0, 8, 16], "texture": "#0"},
				"up": {"uv": [7, 0, 10, 1], "texture": "#0"},
				"down": {"uv": [7, 15, 10, 16], "texture": "#0"}
			}
		},
		{
			"name": "zoglin_spawn_egg_2",
			"from": [6, 0, 7.5],
			"to": [7, 15, 8.5],
			"faces": {
				"north": {"uv": [7, 1, 6, 16], "texture": "#0"},
				"east": {"uv": [6, 1, 7, 16], "texture": "#0"},
				"south": {"uv": [6, 1, 7, 16], "texture": "#0"},
				"west": {"uv": [6, 1, 7, 16], "texture": "#0"},
				"up": {"uv": [6, 1, 7, 2], "texture": "#0"},
				"down": {"uv": [6, 15, 7, 16], "texture": "#0"}
			}
		},
		{
			"name": "zoglin_spawn_egg_3",
			"from": [10, 0, 7.5],
			"to": [11, 15, 8.5],
			"faces": {
				"north": {"uv": [11, 1, 10, 16], "texture": "#0"},
				"east": {"uv": [10, 1, 11, 16], "texture": "#0"},
				"south": {"uv": [10, 1, 11, 16], "texture": "#0"},
				"west": {"uv": [10, 1, 11, 16], "texture": "#0"},
				"up": {"uv": [10, 1, 11, 2], "texture": "#0"},
				"down": {"uv": [10, 15, 11, 16], "texture": "#0"}
			}
		},
		{
			"name": "zoglin_spawn_egg_4",
			"from": [3, 1, 7.5],
			"to": [5, 14, 8.5],
			"faces": {
				"north": {"uv": [5, 2, 3, 15], "texture": "#0"},
				"east": {"uv": [4, 2, 5, 15], "texture": "#0"},
				"south": {"uv": [3, 2, 5, 15], "texture": "#0"},
				"west": {"uv": [3, 2, 4, 15], "texture": "#0"},
				"up": {"uv": [3, 2, 5, 3], "texture": "#0"},
				"down": {"uv": [3, 14, 5, 15], "texture": "#0"}
			}
		},
		{
			"name": "zoglin_spawn_egg_5",
			"from": [11, 1, 7.5],
			"to": [13, 14, 8.5],
			"faces": {
				"north": {"uv": [13, 2, 11, 15], "texture": "#0"},
				"east": {"uv": [12, 2, 13, 15], "texture": "#0"},
				"south": {"uv": [11, 2, 13, 15], "texture": "#0"},
				"west": {"uv": [11, 2, 12, 15], "texture": "#0"},
				"up": {"uv": [11, 2, 13, 3], "texture": "#0"},
				"down": {"uv": [11, 14, 13, 15], "texture": "#0"}
			}
		},
		{
			"name": "zoglin_spawn_egg_6",
			"from": [2, 2, 7.5],
			"to": [3, 13, 8.5],
			"faces": {
				"north": {"uv": [3, 3, 2, 14], "texture": "#0"},
				"east": {"uv": [2, 3, 3, 14], "texture": "#0"},
				"south": {"uv": [2, 3, 3, 14], "texture": "#0"},
				"west": {"uv": [2, 3, 3, 14], "texture": "#0"},
				"up": {"uv": [2, 3, 3, 4], "texture": "#0"},
				"down": {"uv": [2, 13, 3, 14], "texture": "#0"}
			}
		},
		{
			"name": "zoglin_spawn_egg_7",
			"from": [13, 2, 7.5],
			"to": [14, 13, 8.5],
			"faces": {
				"north": {"uv": [14, 3, 13, 14], "texture": "#0"},
				"east": {"uv": [13, 3, 14, 14], "texture": "#0"},
				"south": {"uv": [13, 3, 14, 14], "texture": "#0"},
				"west": {"uv": [13, 3, 14, 14], "texture": "#0"},
				"up": {"uv": [13, 3, 14, 4], "texture": "#0"},
				"down": {"uv": [13, 13, 14, 14], "texture": "#0"}
			}
		},
		{
			"name": "zoglin_spawn_egg_8",
			"from": [1, 2, 7.5],
			"to": [2, 12, 8.5],
			"faces": {
				"north": {"uv": [2, 4, 1, 14], "texture": "#0"},
				"east": {"uv": [1, 4, 2, 14], "texture": "#0"},
				"south": {"uv": [1, 4, 2, 14], "texture": "#0"},
				"west": {"uv": [1, 4, 2, 14], "texture": "#0"},
				"up": {"uv": [1, 4, 2, 5], "texture": "#0"},
				"down": {"uv": [1, 13, 2, 14], "texture": "#0"}
			}
		},
		{
			"name": "zoglin_spawn_egg_9",
			"from": [14, 2, 7.5],
			"to": [15, 12, 8.5],
			"faces": {
				"north": {"uv": [15, 4, 14, 14], "texture": "#0"},
				"east": {"uv": [14, 4, 15, 14], "texture": "#0"},
				"south": {"uv": [14, 4, 15, 14], "texture": "#0"},
				"west": {"uv": [14, 4, 15, 14], "texture": "#0"},
				"up": {"uv": [14, 4, 15, 5], "texture": "#0"},
				"down": {"uv": [14, 13, 15, 14], "texture": "#0"}
			}
		},
		{
			"name": "zoglin_spawn_egg_10",
			"from": [0, 9, 7.5],
			"to": [1, 11, 8.5],
			"faces": {
				"north": {"uv": [1, 5, 0, 7], "texture": "#0"},
				"east": {"uv": [0, 5, 1, 7], "texture": "#0"},
				"south": {"uv": [0, 5, 1, 7], "texture": "#0"},
				"west": {"uv": [0, 5, 1, 7], "texture": "#0"},
				"up": {"uv": [0, 5, 1, 6], "texture": "#0"},
				"down": {"uv": [0, 6, 1, 7], "texture": "#0"}
			}
		},
		{
			"name": "zoglin_spawn_egg_11",
			"from": [15, 9, 7.5],
			"to": [16, 11, 8.5],
			"faces": {
				"north": {"uv": [16, 5, 15, 7], "texture": "#0"},
				"east": {"uv": [15, 5, 16, 7], "texture": "#0"},
				"south": {"uv": [15, 5, 16, 7], "texture": "#0"},
				"west": {"uv": [15, 5, 16, 7], "texture": "#0"},
				"up": {"uv": [15, 5, 16, 6], "texture": "#0"},
				"down": {"uv": [15, 6, 16, 7], "texture": "#0"}
			}
		},
		{
			"name": "zoglin_spawn_egg_12",
			"from": [0, 3, 7.5],
			"to": [1, 6, 8.5],
			"faces": {
				"north": {"uv": [1, 10, 0, 13], "texture": "#0"},
				"east": {"uv": [0, 10, 1, 13], "texture": "#0"},
				"south": {"uv": [0, 10, 1, 13], "texture": "#0"},
				"west": {"uv": [0, 10, 1, 13], "texture": "#0"},
				"up": {"uv": [0, 10, 1, 11], "texture": "#0"},
				"down": {"uv": [0, 12, 1, 13], "texture": "#0"}
			}
		},
		{
			"name": "zoglin_spawn_egg_13",
			"from": [15, 3, 7.5],
			"to": [16, 6, 8.5],
			"faces": {
				"north": {"uv": [16, 10, 15, 13], "texture": "#0"},
				"east": {"uv": [15, 10, 16, 13], "texture": "#0"},
				"south": {"uv": [15, 10, 16, 13], "texture": "#0"},
				"west": {"uv": [15, 10, 16, 13], "texture": "#0"},
				"up": {"uv": [15, 10, 16, 11], "texture": "#0"},
				"down": {"uv": [15, 12, 16, 13], "texture": "#0"}
			}
		}
	],
	"groups": [
		{
			"name": "zoglin_spawn_egg",
			"origin": [8, 8, 8],
			"color": 0,
			"children": [0, 1, 2, 3, 4, 5, 6, 7, 8, 9, 10, 11, 12, 13]
		}
	]
}