{
	"targets": ["minecraft:birch_forest", "minecraft:cherry_grove", "minecraft:flower_forest", "minecraft:forest", "minecraft:taiga", "minecraft:snowy_taiga", "minecraft:sparse_jungle",
	 {
	  "id": "clifftree:sparse_forest",
	  "required": false
	 },
	 {
	  "id": "natures_spirit:alpine_clearings",
	  "required": false
	 },
	 {
	  "id": "natures_spirit:boreal_taiga",
	  "required": false
	 },
	 {
	  "id": "natures_spirit:chaparral",
	  "required": false
	 },
	 {
	  "id": "natures_spirit:coniferous_covert",
	  "required": false
	 },
	 {
	  "id": "natures_spirit:fir_forest",
	  "required": false
	 },
	 {
	  "id": "natures_spirit:floral_ridges",
	  "required": false
	 },
	 {
	  "id": "natures_spirit:snowy_fir_forest",
	  "required": false
	 },
	 {
	  "id": "natures_spirit:sparse_tropical_woods",
	  "required": false
	 },
	 {
	  "id": "natures_spirit:sugi_forest",
	  "required": false
	 },
	 {
	  "id": "hybrid_beta:autumnal_forest",
	  "required": false
	 },
	 {
	  "id": "hybrid_beta:temperate_rainforest",
	  "required": false
	 }
	],
	"fog_end": "1.02 - max(0, min(0.2, (DAY_TIME%24000 > 21500) + (DAY_TIME%21500 < 200) + (RAIN * 0.1) - max(0, 11 - SKY_LIGHT)))",
	"fog_start": "8 + max(0.25, min(0.25, (DAY_TIME%24000 > 23000) + (DAY_TIME%24000 < 500) + (RAIN * 0.75) - max(0, 11 - SKY_LIGHT) * 100))"
}