{
  "textures": {
    "bar": "block/bell_wood",
    "particle": "block/bell_bottom"
  },
  "elements": [
    {
      "from": [3, 13, 7],
      "to": [16, 15, 9],
      "rotation": { "angle": 0, "axis": "y", "origin": [-1, 0, 0] },
      "faces": {
        "north": { "uv": [0, 6, 13, 8], "texture": "#bar" },
        "east": {
          "uv": [15, 6, 13, 4],
          "rotation": 90,
          "texture": "#bar",
          "cullface": "east"
        },
        "south": { "uv": [13, 6, 0, 8], "texture": "#bar" },
        "west": { "uv": [15, 4, 13, 6], "rotation": 90, "texture": "#bar" },
        "up": { "uv": [13, 4, 0, 6], "texture": "#bar" },
        "down": { "uv": [13, 8, 0, 10], "texture": "#bar" }
      }
    }
  ]
}
