{
	"credit": "Made with Blockbench",
	"textures": {
		"bottom": "block/end_stone",
		"top": "block/end_portal_frame_top",
		"particle": "block/end_portal_frame_side",
		"side": "block/end_portal_frame_side",
		"eye": "block/end_portal_frame_eye"
	},
	"elements": [
		{
			"from": [0, 0, 0],
			"to": [16, 13, 16],
			"faces": {
				"north": {"uv": [0, 3, 16, 16], "texture": "#side", "cullface": "north"},
				"east": {"uv": [0, 3, 16, 16], "texture": "#side", "cullface": "east"},
				"south": {"uv": [0, 3, 16, 16], "texture": "#side", "cullface": "south"},
				"west": {"uv": [0, 3, 16, 16], "texture": "#side", "cullface": "west"},
				"up": {"uv": [0, 0, 16, 16], "texture": "#top"},
				"down": {"uv": [0, 0, 16, 16], "texture": "#bottom", "cullface": "down"}
			}
		},
		{
			"from": [4, 13, 4],
			"to": [12, 16, 12],
			"faces": {
				"north": {"uv": [4, 0, 12, 3], "texture": "#eye"},
				"east": {"uv": [4, 0, 12, 3], "texture": "#eye"},
				"south": {"uv": [4, 0, 12, 3], "texture": "#eye"},
				"west": {"uv": [4, 0, 12, 3], "texture": "#eye"},
				"up": {"uv": [4, 4, 12, 12], "texture": "#eye", "cullface": "up"}
			}
		},
		{
			"name": "exterior_cube_0",
			"from": [12.5, 13, 3.5],
			"to": [12.5, 16.5, 12.5],
			"shade": false,
			"rotation": {"angle": 0, "axis": "y", "origin": [15, 16, 4]},
			"faces": {
				"west": {"uv": [8, 10, 10, 11], "texture": "#eye"}
			}
		},
		{
			"name": "exterior_cube_1",
			"from": [3.5, 13, 3.5],
			"to": [3.5, 16.5, 12.5],
			"shade": false,
			"rotation": {"angle": 0, "axis": "y", "origin": [3, 14, 3]},
			"faces": {
				"east": {"uv": [8, 10, 10, 11], "texture": "#eye"}
			}
		},
		{
			"name": "exterior_cube_2",
			"from": [3.5, 13, 3.5],
			"to": [12.5, 16.5, 3.5],
			"shade": false,
			"rotation": {"angle": 0, "axis": "y", "origin": [3, 13, 3]},
			"faces": {
				"south": {"uv": [8, 10, 10, 11], "texture": "#eye"}
			}
		},
		{
			"name": "exterior_cube_3",
			"from": [3.5, 13, 12.5],
			"to": [12.5, 16.5, 12.5],
			"shade": false,
			"rotation": {"angle": 0, "axis": "y", "origin": [4, 12, 13]},
			"faces": {
				"north": {"uv": [8, 10, 10, 11], "texture": "#eye"}
			}
		},
		{
			"name": "exterior_cube_top",
			"from": [3.5, 16.5, 3.5],
			"to": [12.5, 16.5, 12.5],
			"shade": false,
			"rotation": {"angle": 0, "axis": "y", "origin": [6, 14, 7]},
			"faces": {
				"down": {"uv": [8, 10, 9, 11], "texture": "#eye"}
			}
		},
		{
			"name": "exterior_cube_down",
			"from": [3.5, 13.01, 3.5],
			"to": [12.5, 13.01, 12.5],
			"shade": false,
			"rotation": {"angle": 0, "axis": "y", "origin": [7, 11, 7]},
			"faces": {
				"up": {"uv": [8, 10, 9, 11], "texture": "#eye"}
			}
		}
	]
}