{
  "textures": {
    "lever": "block/lever",
    "particle": "block/lever"
  },
  "elements": [
    {
      "name": "base",
      "from": [5, -0.02, 4],
      "to": [11, 2.98, 12],
      "faces": {
        "north": { "uv": [5, 11, 11, 8], "texture": "#lever" },
        "east": { "uv": [5, 16, 2, 8], "rotation": 90, "texture": "#lever" },
        "south": { "uv": [5, 11, 11, 8], "texture": "#lever" },
        "west": { "uv": [5, 16, 2, 8], "rotation": 90, "texture": "#lever" },
        "up": { "uv": [0, 0, 6, 8], "texture": "#lever" },
        "down": { "uv": [6, 0, 12, 8], "texture": "#lever", "cullface": "down" }
      }
    },
    {
      "name": "stick",
      "from": [7, 3.2, 5.5],
      "to": [9, 11.2, 7.5],
      "rotation": { "angle": 45, "axis": "x", "origin": [8, 0, 6.5] },
      "faces": {
        "north": { "uv": [0, 8, 2, 16], "texture": "#lever" },
        "east": { "uv": [2, 8, 0, 16], "texture": "#lever" },
        "south": { "uv": [0, 8, 2, 16], "texture": "#lever" },
        "west": { "uv": [2, 8, 0, 16], "texture": "#lever" },
        "up": { "uv": [7, 8, 9, 10], "texture": "#lever" }
      }
    }
  ]
}
