{
	"format_version": "1.21.6",
	"credit": "Made with Blockbench",
	"textures": {
		"particle": "block/lever",
		"lever": "block/lever"
	},
	"elements": [
		{
			"name": "base",
			"from": [5, -0.02, 4],
			"to": [11, 2.98, 12],
			"faces": {
				"north": {"uv": [5, 11, 11, 8], "texture": "#lever"},
				"east": {"uv": [5, 16, 2, 8], "rotation": 90, "texture": "#lever"},
				"south": {"uv": [5, 11, 11, 8], "texture": "#lever"},
				"west": {"uv": [5, 16, 2, 8], "rotation": 90, "texture": "#lever"},
				"up": {"uv": [0, 0, 6, 8], "texture": "#lever"},
				"down": {"uv": [6, 0, 12, 8], "texture": "#lever", "cullface": "down"}
			}
		},
		{
			"name": "stick",
			"from": [7, 3.2, 9.6],
			"to": [9, 11.2, 11.6],
			"rotation": {"angle": -45, "axis": "x", "origin": [8, 0, 10.6]},
			"faces": {
				"north": {"uv": [0, 8, 2, 16], "texture": "#lever"},
				"east": {"uv": [2, 8, 0, 16], "texture": "#lever"},
				"south": {"uv": [0, 8, 2, 16], "texture": "#lever"},
				"west": {"uv": [2, 8, 0, 16], "texture": "#lever"},
				"up": {"uv": [7, 8, 9, 10], "texture": "#lever"}
			}
		}
	],
	"display": {
		"thirdperson_righthand": {
			"rotation": [75, 45, 0],
			"translation": [0, 1.75, 3.1],
			"scale": [0.375, 0.375, 0.375]
		},
		"thirdperson_lefthand": {
			"rotation": [75, 45, 0],
			"translation": [0, 1.75, 3.1],
			"scale": [0.375, 0.375, 0.375]
		},
		"firstperson_righthand": {
			"rotation": [0, 40, 0],
			"translation": [0, 2.75, 0],
			"scale": [0.4, 0.4, 0.4]
		},
		"firstperson_lefthand": {
			"rotation": [0, 40, 0],
			"translation": [0, 2.75, 0],
			"scale": [0.4, 0.4, 0.4]
		},
		"ground": {
			"translation": [0, 3, 0],
			"scale": [0.3, 0.3, 0.3]
		},
		"gui": {
			"rotation": [30, -45, 0],
			"translation": [0, 2, 0],
			"scale": [0.85, 0.85, 0.85]
		},
		"fixed": {
			"rotation": [-90, -180, 0],
			"translation": [0, 0, -5],
			"scale": [0.75, 0.75, 0.75]
		},
		"on_shelf": {
			"rotation": [90, 0, 0],
			"translation": [0, 0, 6],
			"scale": [1.25, 1.25, 1.25]
		}
	}
}