{
  "textures": {
    "3": "block/piston_top_bottom",
    "5": "block/piston_arm",
    "particle": "block/piston_top_sticky",
    "platform": "block/piston_top_sticky",
    "side": "block/piston_side_sticky"
  },
  "elements": [
    {
      "from": [0, 0, 0],
      "to": [16, 16, 4],
      "faces": {
        "north": {
          "uv": [0, 0, 16, 16],
          "texture": "#platform",
          "cullface": "north"
        },
        "east": {
          "uv": [0, 0, 16, 4],
          "rotation": 90,
          "texture": "#side",
          "cullface": "east"
        },
        "south": { "uv": [0, 0, 16, 16], "texture": "#3" },
        "west": {
          "uv": [0, 0, 16, 4],
          "rotation": 270,
          "texture": "#side",
          "cullface": "west"
        },
        "up": { "uv": [0, 0, 16, 4], "texture": "#side", "cullface": "up" },
        "down": {
          "uv": [0, 0, 16, 4],
          "rotation": 180,
          "texture": "#side",
          "cullface": "down"
        }
      }
    },
    {
      "from": [6, 6, 4],
      "to": [10, 10, 20],
      "faces": {
        "east": { "uv": [6, 0, 10, 16], "rotation": 90, "texture": "#5" },
        "west": { "uv": [10, 16, 6, 0], "rotation": 90, "texture": "#5" },
        "up": { "uv": [6, 0, 10, 16], "texture": "#5" },
        "down": { "uv": [6, 0, 10, 16], "rotation": 180, "texture": "#5" }
      }
    },
    {
      "from": [5, 5, 12],
      "to": [11, 11, 20],
      "faces": {
        "north": { "uv": [0, 8, 6, 14], "texture": "#5" },
        "east": { "uv": [0, 0, 6, 8], "rotation": 90, "texture": "#5" },
        "west": { "uv": [6, 8, 0, 0], "rotation": 90, "texture": "#5" },
        "up": { "uv": [0, 0, 6, 8], "texture": "#5" },
        "down": { "uv": [6, 8, 0, 0], "texture": "#5" }
      }
    }
  ]
}
