{
  "_comment": "This is the vanilla model.",

  "ambientocclusion": false,
  "textures": {
    "particle": "block/repeater_on",
    "slab": "block/smooth_stone",
    "top": "block/repeater_on",
    "lit": "block/redstone_torch"
  },
  "elements": [
    {
      "from": [0, 0, 0],
      "to": [16, 2, 16],
      "faces": {
        "down": {
          "uv": [0, 0, 16, 16],
          "texture": "#slab",
          "cullface": "down"
        },
        "up": { "uv": [0, 0, 16, 16], "texture": "#top" },
        "north": {
          "uv": [0, 14, 16, 16],
          "texture": "#slab",
          "cullface": "north"
        },
        "south": {
          "uv": [0, 14, 16, 16],
          "texture": "#slab",
          "cullface": "south"
        },
        "west": {
          "uv": [0, 14, 16, 16],
          "texture": "#slab",
          "cullface": "west"
        },
        "east": {
          "uv": [0, 14, 16, 16],
          "texture": "#slab",
          "cullface": "east"
        }
      }
    },
    {
      "from": [7, 2, 12],
      "to": [9, 7, 14],
      "shade": false,
      "faces": {
        "up": { "uv": [7, 6, 9, 8], "texture": "#lit" },
        "north": { "uv": [7, 6, 9, 11], "texture": "#lit" },
        "south": { "uv": [7, 6, 9, 11], "texture": "#lit" },
        "west": { "uv": [7, 6, 9, 11], "texture": "#lit" },
        "east": { "uv": [7, 6, 9, 11], "texture": "#lit" }
      }
    },
    {
      "from": [7, 2, 2],
      "to": [9, 7, 4],
      "shade": false,
      "faces": {
        "up": { "uv": [7, 6, 9, 8], "texture": "#lit" },
        "north": { "uv": [7, 6, 9, 11], "texture": "#lit" },
        "south": { "uv": [7, 6, 9, 11], "texture": "#lit" },
        "west": { "uv": [7, 6, 9, 11], "texture": "#lit" },
        "east": { "uv": [7, 6, 9, 11], "texture": "#lit" }
      }
    },
    {
      "from": [6.5, 1.5, 1.5],
      "to": [9.5, 4.5, 4.5],
      "shade": false,
      "faces": {
        "up": { "uv": [8, 5, 9, 6], "texture": "#lit" }
      }
    },
    {
      "from": [6.5, 7.5, 1.5],
      "to": [9.5, 10.5, 4.5],
      "shade": false,
      "faces": {
        "down": { "uv": [7, 5, 8, 6], "texture": "#lit" }
      }
    },
    {
      "from": [6.5, 4.5, -1.5],
      "to": [9.5, 7.5, 1.5],
      "shade": false,
      "faces": {
        "south": { "uv": [9, 6, 10, 7], "texture": "#lit" }
      }
    },
    {
      "from": [6.5, 4.5, 4.5],
      "to": [9.5, 7.5, 7.5],
      "shade": false,
      "faces": {
        "north": { "uv": [6, 6, 7, 7], "texture": "#lit" }
      }
    },
    {
      "from": [3.5, 4.5, 1.5],
      "to": [6.5, 7.5, 4.5],
      "shade": false,
      "faces": {
        "east": { "uv": [9, 7, 10, 8], "texture": "#lit" }
      }
    },
    {
      "from": [9.5, 4.5, 1.5],
      "to": [12.5, 7.5, 4.5],
      "shade": false,
      "faces": {
        "west": { "uv": [6, 7, 7, 8], "texture": "#lit" }
      }
    },
    {
      "from": [6.5, 1.5, 11.5],
      "to": [9.5, 4.5, 14.5],
      "shade": false,
      "faces": {
        "up": { "uv": [8, 5, 9, 6], "texture": "#lit" }
      }
    },
    {
      "from": [6.5, 7.5, 11.5],
      "to": [9.5, 10.5, 14.5],
      "shade": false,
      "faces": {
        "down": { "uv": [7, 5, 8, 6], "texture": "#lit" }
      }
    },
    {
      "from": [6.5, 4.5, 8.5],
      "to": [9.5, 7.5, 11.5],
      "shade": false,
      "faces": {
        "south": { "uv": [9, 6, 10, 7], "texture": "#lit" }
      }
    },
    {
      "from": [6.5, 4.5, 14.5],
      "to": [9.5, 7.5, 17.5],
      "shade": false,
      "faces": {
        "north": { "uv": [6, 6, 7, 7], "texture": "#lit" }
      }
    },
    {
      "from": [3.5, 4.5, 11.5],
      "to": [6.5, 7.5, 14.5],
      "shade": false,
      "faces": {
        "east": { "uv": [9, 7, 10, 8], "texture": "#lit" }
      }
    },
    {
      "from": [9.5, 4.5, 11.5],
      "to": [12.5, 7.5, 14.5],
      "shade": false,
      "faces": {
        "west": { "uv": [6, 7, 7, 8], "texture": "#lit" }
      }
    }
  ]
}
